rsid	chr	hg38_pos	hg19_pos	effect_allele	other_allele	beta	se	p	eaf	f_stat
rs6656401	1	207518704	207692049	A	G	0.0983	0.0155	2.405e-10	0.175417	40.220145681581684
rs117834516	14	52848729	53315447	T	C	0.1557	0.026	1.984e-09	0.0532135	35.86167159763313
rs12151021	19	1050875	1050874	A	G	0.0717	0.0125	9.248e-09	0.326975	32.901695999999994
rs10748157	12	40785080	41178882	A	G	0.744	0.1435	2.164e-07	nan	26.88079253117071
rs7982	8	27604964	27462481	A	G	-0.0629	0.0122	2.382e-07	0.38465	26.581631281913463
rs142855795	22	21838290	22192579	A	G	0.2522	0.0494	3.329e-07	0.0181877	26.063711911357334
rs4971567	2	50897030	51124168	T	G	1.0544	0.2066	3.333e-07	nan	26.046547195219887
rs12713280	2	54854239	55081376	T	C	-0.0598	0.0119	4.493e-07	0.253007	25.252736388673114
rs10050940	5	15819160	15819269	T	C	0.0506	0.0102	6.326e-07	0.193004	24.609381007304876
rs138650168	8	113833617	114845846	A	G	0.1453	0.0295	8.176e-07	0.0392575	24.259798908359674
rs146124233	16	72988790	73022689	G	A	0.1485	0.0303	9.351e-07	0.0409931	24.01970395059308
