scenario	pph4_full	pph4_trunc	n_kept
distinct	0.012472125260253	0.0665018651153389	10
distinct	1.71006718811245e-05	2.6376048027338e-05	20
distinct	0.564302781422969	0.725733920248841	20
distinct	5.46594211943093e-06	0.00029072004981273	16
distinct	3.35996558254916e-07	2.29689158012473e-05	16
distinct	4.8566169308664e-06	4.85661717383893e-06	23
distinct	0.000561160982846665	0.00105738517223838	22
distinct	5.54197625428431e-05	0.140166731109372	15
distinct	3.60582020130083e-06	0.319738863904349	15
distinct	2.64531000370475e-06	6.62935753470088e-06	21
distinct	0.00142552380922105	0.913409547356751	13
distinct	1.45687819208596e-05	0.38530756614247	15
distinct	0.0779313096512934	0.116612846924274	15
distinct	0.0354693643084005	0.0460772485021741	16
distinct	0.0505897883227926	0.0507358769835073	21
distinct	0.010556518698678	0.0290514323415884	15
distinct	0.00015458266868985	0.000419468101735583	20
distinct	0.144052653493267	0.144111951993692	22
distinct	0.0531753265825188		4
distinct	0.112467743659308	0.112468150411631	23
distinct	0.00406868884615137	0.580838667277462	15
distinct	0.064269707091943	0.513495427256427	14
distinct	0.00553343515400828	0.458528590761683	15
distinct	0.166556267395211	0.181920025529379	15
distinct	0.000589367290015788	0.047450013203564	12
distinct	0.000764883294871646	0.068054505183859	16
distinct	0.00355057530711944	0.719470384477312	12
distinct	5.61683077870253e-06	5.61702739350075e-06	23
distinct	0.000631733155459919	0.0739087892745414	7
distinct	0.00103553557736357	0.567996327417659	8
distinct	0.127091277061397	0.210788261918879	20
distinct	0.000153747017581443	0.00031857393753347	16
distinct	0.0291491859971997	0.199301670378465	15
distinct	0.00198356040811071	0.299042413031495	16
distinct	0.0232938993627427	0.0259663328874729	15
distinct	0.000142493727550175	0.0001548931050108	21
distinct	2.78013496142436e-05	2.78014939850752e-05	23
distinct	5.71999065252651e-06	0.523121982286765	15
distinct	0.0119983512621441	0.992707425008551	10
distinct	0.00118837995914562	0.00624713220483921	15
distinct	0.060866257861571	0.108574755098305	15
distinct	0.000373231209906268	0.00037323155965001	23
distinct	7.94555274104114e-05	0.096851939074591	16
distinct	0.238384800668958	0.976713376301754	15
distinct	0.000341859982864668	0.944651880021148	15
distinct	0.0139623277010761	0.0144550471739771	22
distinct	9.91595048754594e-07	0.150501655087777	16
distinct	0.0123597200259061	0.531776858673397	8
distinct	0.0187737345605466	0.030634371120813	20
distinct	4.58017319584357e-06	0.0207602360010954	15
distinct	0.00127752168161531	0.00127765850114681	23
distinct	9.96918969179033e-07	0.696643866816293	15
distinct	0.0244490125409194	0.0244571792274734	24
distinct	0.000355271210556861	0.914812378075806	15
distinct	0.476233502788085	0.476241311568417	23
distinct	7.65879150889313e-05	0.0906455620343186	15
distinct	0.0242743257179194	0.0306262572810396	21
distinct	2.20403825918791e-05	0.0181739138759375	17
distinct	5.17322398482772e-06	5.17322424169751e-06	23
distinct	1.78480093283737e-07	0.152449028055313	20
distinct	9.73156040672586e-05	0.141465395667558	15
distinct	0.000254546029140827	0.00260541184239814	16
distinct	0.000426356356405053	0.198245289659722	7
distinct	0.000100943344799426	0.488282465510205	15
distinct	0.00652160745782579	0.0243135354984877	17
distinct	4.08925603310415e-06	4.08925946136525e-06	23
distinct	4.32624077075029e-06	0.217537044201189	15
distinct	0.00435838104803807	0.417552360256565	11
distinct	1.70907680837139e-07	0.128573469604047	15
distinct	0.000861251290329083	0.258168276417132	15
distinct	7.83550435472601e-10	0.290203922175509	15
distinct	3.25857910116349e-06	3.25857910123265e-06	23
distinct	0.000127055012313232	0.284786222295782	15
distinct	0.00635155888011613	0.551262375427811	14
distinct	0.000908211024406222	0.000908213250162376	23
distinct	0.130264078189614	0.767319229693867	9
distinct	0.000260707761634119	0.390975752331953	16
distinct	0.0797805667031824	0.079988631747166	22
distinct	0.00472574356911302	0.0392694340826903	16
distinct	2.29724580858339e-05	0.466728623697387	15
distinct	0.0411288031972434	0.991926766723432	16
distinct	0.684063504909789	0.684216474472099	22
distinct	0.000222877958858073	0.153879118576323	7
distinct	0.00524663235491424	0.150749799722332	7
distinct	0.000228084179594841	0.000356568455322931	19
distinct	0.0053537968816945	0.00535379858963106	23
distinct	0.0112008716499311	0.638835848473821	8
distinct	0.0265975926572709	0.120867291090765	16
distinct	0.550482011939693	0.0275943678713548	12
distinct	0.0485464170387077	0.107854858475474	7
distinct	0.00722976023838016	0.0679972266417308	11
distinct	3.85323458462103e-06	0.0361517992595477	12
distinct	0.00417291380962364	0.879608204927149	15
distinct	0.00247471077423137	0.0563741735548568	15
distinct	0.00146127642951293	0.307621125235277	15
distinct	1.5279980492074e-05	0.31262025787812	15
distinct	2.7864536556415e-05	0.310325205883217	15
distinct	0.00138609697116558	0.0149687839773318	16
distinct	3.94057228429254e-05	0.88434956250401	7
distinct	0.000452424800437405	0.00726528431355387	15
distinct	0.00543252393020076	0.0530243777605493	7
distinct	0.00412876750689459	0.628409229665996	11
distinct	0.432217371948773	0.916563986986958	7
distinct	0.00388690956219957	0.583806851488805	12
distinct	0.00111896812006244	0.0875621460307061	11
distinct	0.0419548243120802	0.503219631283731	7
distinct	1.7056245908917e-05	0.000441992835623197	16
distinct	0.000135854664537407	0.990586858215825	17
distinct	0.0226519845962968	0.620164130749981	8
distinct	3.32441457652462e-06	3.32441492780286e-06	24
distinct	0.529589730815255	0.529687779201152	23
distinct	0.000453083246134292	0.80900094584392	15
distinct	0.000338299012569609	0.000363188167293068	19
distinct	0.00120387362403606	0.00135252673607311	21
distinct	0.000141876326034234	0.276701615292258	15
distinct	0.00107292907911289	0.482664836772142	15
distinct	0.246936165163505	0.534933097915566	19
distinct	0.000973706112917191	0.0413748222287843	11
distinct	2.67833672086878e-06	3.83781924758774e-06	22
distinct	6.50635404835271e-06	0.355359919252625	15
distinct	0.0571222712276719	0.128089490954125	15
distinct	0.0727624489764881	0.365525505161306	16
distinct	2.91383645760118e-05	0.162157841457963	15
distinct	2.47586595175746e-06	0.368237611405565	15
distinct	0.0142366421049784	0.0142534627683164	23
distinct	0.00177009875346287	0.628750729970196	15
distinct	0.00431789897001357	0.966204147850255	16
distinct	8.06133484240264e-05	0.1576885608747	15
distinct	6.76250875229129e-06	0.447655097619336	15
distinct	2.11818191298715e-06	0.15576209418339	15
distinct	7.18230487013261e-07	0.0133202018477951	14
distinct	0.00224243783736901	0.00247782803492717	21
distinct	1.58678054346417e-06	4.33449975825399e-06	16
distinct	0.00144559730790448	0.00144623821048479	23
distinct	0.0094460993083042	0.010608758920179	15
distinct	4.67530829910438e-05	0.186228489963791	10
distinct	1.40306565776542e-05	0.252977537313866	19
distinct	4.61986315094914e-06	0.0461873045385477	15
distinct	6.7184052152119e-06	0.921296762115147	15
distinct	0.00416175060069273	0.403239281152264	15
distinct	0.000180915315637945	0.0497192523953298	10
distinct	0.000274161095496489	0.0653851596665951	15
distinct	8.01912568948452e-05	0.470314195496479	16
distinct	0.00780838778004716	0.00780967404334149	23
distinct	0.00250236920597157	0.00250236929209194	23
distinct	0.00385466475312664	0.132008952732205	15
distinct	5.35795636052794e-06	0.821287347674581	15
distinct	0.12345036001928	0.539099278647044	16
distinct	2.22626778208564e-05	2.37469813449152e-05	24
distinct	1.34285848099246e-07	0.0412112011146035	15
distinct	0.116810718158494	0.624630636731145	15
distinct	1.14204502057228e-06	1.14204508029599e-06	23
distinct	0.00459645287290699	0.00459683958109009	23
distinct	0.00196838549077229	0.066895518887219	16
distinct	3.99468073375433e-09	0.0116083915627752	15
distinct	0.0126722585244909	0.0176035259866252	22
distinct	0.000148373821149819	0.000148373879568363	24
distinct	0.129424329897403	0.245303212554551	20
distinct	0.00471023398507087	0.00533986492993237	20
distinct	1.23166388639752e-09	1.23166388791889e-09	24
distinct	0.409014816689933	0.513730579599803	17
distinct	1.08391267962288e-06	0.0868541837615699	15
distinct	0.0126315363187231	0.261245922051366	8
distinct	0.017118357373175	0.959275787858951	6
distinct	0.189165486238278	0.311433332578868	17
distinct	0.0163196585955532	0.798938817798959	15
distinct	0.00774767038631409	0.528471300571139	15
distinct	6.29186403448448e-05	0.0681917364414089	15
distinct	0.00595380735266912	0.0228541574272938	7
distinct	0.000931159889553931	0.616082877288218	15
distinct	1.13547135972469e-06	1.13547136953834e-06	24
distinct	0.00684235832581993	0.878926694026151	15
distinct	0.00551604455075539	0.280497672619452	7
distinct	0.000135934482617802	0.000135934483307946	23
distinct	0.00161814152678093	0.165157126859999	16
distinct	0.0790806286908207	0.643124694853792	16
distinct	9.71027447589779e-05	0.0887653588694834	15
distinct	0.00407583657538991	0.0292169734037618	13
distinct	0.00131754532022927	0.180581600950484	8
distinct	2.06632398490904e-05	0.651906401028262	15
distinct	3.25669927632677e-05	0.164479586777788	15
distinct	1.00093524805482e-05	1.0009463613549e-05	25
distinct	0.0266775470526388	0.982385594953654	7
distinct	0.0356977246512994	0.953568825468173	16
distinct	0.000124901285881439	0.72663914272462	15
distinct	5.03346757230622e-05	0.4799215769402	15
distinct	0.00574535065023692	0.984555947051958	15
distinct	0.000223541055469327	0.105404716974341	15
distinct	0.000830475075066067	0.00100725502529051	22
distinct	0.0228237355482294	0.022824262231969	23
distinct	0.00592098561742365	0.00594193819093495	23
distinct	0.00180700659976626	0.00198690598941612	23
distinct	0.000212766128804615	0.845594444398004	15
distinct	0.0120601874440922	0.953065626828449	7
distinct	1.49746173215277e-05	1.7677110700081e-05	20
distinct	0.299652214340941	0.973904036327579	13
distinct	7.75825273679974e-07	7.90832244648061e-06	16
distinct	5.85655935545574e-05	0.169223032691482	9
distinct	4.02550360814822e-06	0.00015196356950296	17
distinct	1.14955047616446e-05	0.134694054195926	15
distinct	4.32461499975699e-07	0.804513293720712	15
distinct	1.03020932791267e-06	0.0714590841497469	15
distinct	0.000268350663827	0.394864310053126	15
distinct	0.0194158635780339	0.935384010168155	5
distinct	0.0251400483080803	0.0449611165496123	21
distinct	0.0380012011148339	0.275892967940652	16
distinct	0.0477394057080945	0.265341929772902	15
distinct	0.0078163954942826	0.0138074827640017	20
distinct	0.058430947857504	0.289501684043592	18
distinct	0.0170389700107114	0.390994731430433	7
distinct	0.00406925043364582	0.919889259156082	15
distinct	0.00020562147748805	0.000205621478258631	23
distinct	0.00153878997654272	0.692303860755225	13
distinct	0.0035094260572492	0.935058456932181	15
distinct	0.000410312939468644	0.895707662260838	15
distinct	5.25988565819338e-06	5.25988759976886e-06	23
distinct	1.90540821622291e-06	3.00613368790871e-06	20
distinct	0.00266289232601742	0.305377977766077	15
distinct	0.0770714437076375	0.966874969990215	14
distinct	0.00117481775965767	0.00152871051893606	22
distinct	0.000706808029508353	0.0271632086966088	7
distinct	2.50809922203272e-05	2.51073805484066e-05	23
distinct	0.000186629564171612	0.650282877489014	15
distinct	1.10569689015204e-05	0.0430218523159004	15
distinct	1.54131864948973e-05	0.759521537506414	15
distinct	0.0875211773633499	0.661572015204631	15
distinct	1.40815509429856e-05	1.40884017983774e-05	23
distinct	0.00155113130597727	0.00155184569918546	27
distinct	3.33777346556552e-05	3.33777376071011e-05	24
distinct	0.0162874898545835	0.863726363807781	12
distinct	0.00887498199626056	0.357377325391603	10
distinct	0.00194472191568362	0.89783138645528	15
distinct	7.53876297364993e-07	0.461656626856706	15
distinct	6.66395367995782e-07	6.66469355309843e-07	23
distinct	0.000151636738107618	0.564696920606269	15
distinct	0.0238644182054466	0.0284035653066324	21
distinct	0.0184893535938752	0.0363046306160676	17
distinct	0.000398893199854617	0.000398974843252503	23
distinct	0.460998823643221	0.534889658906741	14
distinct	0.00631719139927293	0.00631719181761197	23
distinct	0.000410387053218011	0.00524269342979756	15
distinct	0.0024168442233921	0.238313338914742	7
distinct	5.995450231999e-07	0.069200798115953	15
distinct	1.06609703851151e-08	3.66653998784388e-07	16
distinct	0.00133355005541054	0.0196639524068276	15
distinct	0.133929195021958	0.133929726836606	23
distinct	0.254443992208836	0.29804227494939	21
distinct	0.000270027632877762	0.873995328177412	15
distinct	0.44171440226315	0.777318374478073	15
distinct	1.03004441821583e-07	0.0407892868093974	15
distinct	2.53975240198707e-05	2.53980435793883e-05	23
distinct	0.0266834959256963	0.189293887615964	15
distinct	0.000796548524874522	0.661637140253919	16
distinct	7.100185356553e-08	0.101396759688572	15
distinct	0.000186566927374066	0.79425577018137	18
distinct	0.000281005851405727	0.00704217470618179	17
distinct	1.26214591508375e-05	0.0755421101364894	16
distinct	1.85349845197033e-06	0.683638067130613	17
distinct	2.84269569818005e-05	0.213228217526205	15
distinct	1.58494975132345e-06	1.82182811485569e-06	22
distinct	0.000142389870492962	0.184304111229214	12
distinct	0.0325189803923828	0.0361913575944987	15
distinct	1.0575792357396e-09	0.752716036899042	15
distinct	0.000190911750380537	0.931628283054544	15
distinct	4.85326050570092e-05	5.54126654110192e-05	21
distinct	0.015367732189877	0.85589672043724	15
distinct	4.61453873577184e-07	1.37068968646737e-05	16
distinct	0.00246464805481697	0.908951857639115	8
distinct	0.000488446067545712	0.000488446310013006	23
distinct	0.00477603926758729	0.0186466339241503	16
distinct	0.0395060477367972	0.0514659453552538	6
distinct	0.0124283473350275	0.970386521979224	15
distinct	0.00101426165518949	0.264464204877255	7
distinct	0.854285966756768	0.901618611583347	13
distinct	0.148987503745022	0.218979830499749	15
distinct	2.38633650344546e-05	0.0150482627550606	10
distinct	0.00126923164809776	0.0771257936865064	15
distinct	0.0094589044677139	0.00948614212043649	23
distinct	0.000384771364765064	0.00914341056698386	15
distinct	0.0119293712708669	0.415782574639356	6
distinct	0.982749486656508	0.984154577461768	16
distinct	0.00516345641183326	0.00539304594103321	22
distinct	0.00918733309815526	0.0442060753581665	15
distinct	4.16544123170903e-09	6.43223085316667e-09	21
distinct	4.74933929245164e-05	0.0974461901487539	14
distinct	0.000108733785505194	0.000181614039887187	18
distinct	4.69463930322965e-06	0.0913502088487957	15
distinct	2.04302727315622e-06	0.0352575476727059	15
distinct	0.058166545406603	0.830613823841318	15
distinct	0.00261794041878265	0.00559670914997293	17
distinct	0.00274471757926017	0.00274472913383687	23
distinct	0.00036427806929096	0.000881223725412366	22
distinct	9.01732657055531e-05	9.01741287131668e-05	23
distinct	0.00255441575749979	0.00255441599140356	23
distinct	0.0034059704530068	0.0559190628133964	11
distinct	0.00226278856483835	0.00321517488223689	15
distinct	0.000104172475789097	0.0424063892379907	15
distinct	5.74984669225346e-05	0.759328654016031	7
distinct	0.000324680915470155	0.00109750326645889	17
distinct	1.90579084273421e-08	1.90579084307434e-08	24
shared	0.987003103830334	0.987005928200251	11
shared	0.997294427245312	0.997294442368588	20
shared	0.984984804987176	0.984991783649195	14
shared	0.987084542886788	0.987089190249201	16
shared	0.995665373181702	0.995665376227513	23
shared	0.992971588806842	0.992971646467942	10
shared	0.989633643325734	0.989633843286819	23
shared	0.986108923752144	0.986162687970036	16
shared	0.993202034324111	0.993202747733101	8
shared	0.991090152653246	0.991090154349369	23
shared	0.99384233320022	0.993844175728146	8
shared	0.993280439435921	0.993282266095015	8
shared	0.989076600926346	0.989111175477368	8
shared	0.994932070339156	0.994932087892944	23
shared	0.99352576090569	0.993527377297638	11
shared	0.989967421449712	0.98996744540821	24
shared	0.998029295484749	0.998030160171667	8
shared	0.996667529729888	0.99666822351894	12
shared	0.990458029591655	0.990481130192382	9
shared	0.994337370781988	0.994423916610561	21
shared	0.957360093577317	0.957564434409832	28
shared	0.995075915341863	0.995078146791799	21
shared	0.990524513004045	0.990560942345432	16
shared	0.988137960208597	0.988138195229526	20
shared	0.986110686160061	0.98615117375961	11
shared	0.990757991373892	0.99075805992756	17
shared	0.987231462650248	0.98723154633289	25
shared	0.996596466273112	0.996596467883139	16
shared	0.996943276201345	0.996944261357946	8
shared	0.995629132585999	0.995629186181848	23
shared	0.995786937807652	0.995787015503712	17
shared	0.990584680418249	0.990588596029436	16
shared	0.969828758446266	0.970870240982478	17
shared	0.992676102506587	0.992676102506876	19
shared	0.994875338049384	0.99487820340035	12
shared	0.994983328971493	0.99516912691063	9
shared	0.998212625671494	0.998212626509557	25
shared	0.993949810882492	0.993962431918846	10
shared	0.995019092737409	0.995019109630843	17
shared	0.99777466593037	0.99777468970205	16
shared	0.988775673810934	0.988776128347187	18
shared	0.993557774672291	0.993557966059259	16
shared	0.993970585581659	0.993970642862248	23
shared	0.949408380814513		2
shared	0.996585615349106	0.996587724444172	8
shared	0.990916282673211	0.990916339684568	23
shared	0.995009406882578	0.995009913800052	15
shared	0.998117878883008	0.998118579436636	23
shared	0.991873814366032	0.991874036218878	17
shared	0.996131641259494	0.9961316898191	17
shared	0.993432807128215	0.993432822955624	23
shared	0.988420070612572	0.988426830534687	15
shared	0.992729710192644	0.992729820406124	16
shared	0.986722751182024	0.987469140298306	8
shared	0.990560201052316	0.990560351178596	14
shared	0.995819578245983	0.995819627250284	23
shared	0.991084813258694	0.9910853850233	8
shared	0.995752451341728	0.99575245172353	23
shared	0.998223456549905	0.998223460745412	18
shared	0.995799181535208	0.99580023057654	14
shared	0.994734572361659	0.994735642905379	8
shared	0.99576169657837	0.995761854909235	14
shared	0.99783189327267	0.997832852210416	8
shared	0.996293713708821	0.996293715037949	14
shared	0.996119821601826	0.996119881110044	11
shared	0.996294427138911	0.996327641197644	13
shared	0.994127730136349	0.994127730312715	21
shared	0.993512705949539	0.993512708066097	16
shared	0.991448763342137	0.991449226597213	16
shared	0.986811476170672	0.986811624941324	16
shared	0.997519730456951	0.997519732403099	16
shared	0.995447217857422	0.995447217893	25
shared	0.992521705475266	0.992522985243713	11
shared	0.987545914735122	0.98754686737875	18
shared	0.993893812115279	0.993893860402369	21
shared	0.989485654688088	0.989485727024791	23
shared	0.990937651594929	0.9910250503325	8
shared	0.963873921306855	0.963873921362699	25
shared	0.991054311454728	0.991091657532296	17
shared	0.997511846290805	0.997520791835331	8
shared	0.995142316503	0.99514246214577	10
shared	0.993361703353911	0.993361935160503	17
shared	0.996258247954479	0.996258617912484	12
shared	0.99777983495481	0.997779835023573	22
shared	0.997877522229432	0.997877642463964	17
shared	0.996888672443362	0.996903002070039	9
shared	0.966888675165146	0.969739727956063	8
shared	0.994163427423171	0.994163688966523	22
shared	0.994591401301407	0.994603975577012	15
shared	0.983876979029795	0.983991060462255	8
shared	0.99052080634436	0.990520806358542	26
shared	0.997076454222987	0.997076455447286	16
shared	0.987506046513488	0.987540703069061	8
shared	0.995193295619185	0.995207955301177	9
shared	0.997760927450109	0.997761242682895	11
shared	0.995010990936489	0.995028284775777	8
shared	0.998303221953243	0.998303302849054	18
shared	0.997922162697565	0.99792335537027	26
shared	0.989808428922891	0.989809037375564	23
shared	0.994143132523421	0.994143234120381	17
shared	0.989514520317064	0.989516819892031	9
shared	0.991288554065191	0.991288878143728	8
shared	0.993537061708947	0.99354328716165	8
shared	0.99500031796774	0.995338771589841	16
shared	0.993326597808183	0.993328392422797	20
shared	0.994511530630652	0.994511539558471	11
shared	0.994160380286231	0.994161401878309	10
shared	0.995099543125424	0.995099544187868	22
shared	0.995524339020074	0.995524346906682	16
shared	0.992883223218134	0.9928832250422	16
shared	0.99254636377026	0.992572405345612	9
shared	0.994553178915447	0.994564118243837	24
shared	0.992522036481903	0.992522039471801	23
shared	0.997287817225493	0.997288003493391	16
shared	0.991896886385496	0.991896886391627	27
shared	0.99704698006285	0.997050664786754	22
shared	0.997355404485731	0.997356159814149	11
shared	0.997632152062088	0.997632340832807	15
shared	0.993380326927989	0.993380336110547	12
shared	0.991500351922929	0.991500651772654	16
shared	0.992269122850275	0.992297694968068	9
shared	0.990847924387136	0.99084807472608	15
shared	0.99218765617463	0.992187790210019	14
shared	0.989754198151693	0.98975419817168	20
shared	0.99519998421499	0.995200118257589	11
shared	0.996057251312753	0.996057636406067	12
shared	0.963699907957079	0.964279217147673	18
shared	0.994575319444036	0.994575514710044	21
shared	0.992485698425749	0.992485698451284	42
shared	0.990598141183828	0.990598488521221	14
shared	0.984164407992325	0.984164408004136	19
shared	0.994041092170822	0.994041158457279	23
shared	0.996654251265502	0.99665425593638	14
shared	0.995260649286098	0.995261426884815	11
shared	0.986586446691671	0.986588821202814	12
shared	0.992190949089901	0.992203504554693	18
shared	0.994362520883278	0.994363279142195	11
shared	0.994585817161346	0.994587131070475	14
shared	0.990381638256426	0.990385949731496	17
shared	0.987745613695996	0.987801237909633	8
shared	0.978465439536071	0.978465440293717	21
shared	0.996759878018754	0.996759878544056	11
shared	0.988517601106356	0.988521200785069	14
shared	0.994782935291848	0.994786310461199	14
shared	0.994464405856389	0.994464406158634	23
shared	0.970700490184958	0.970855889288732	8
shared	0.9910444538446	0.991044550166156	23
shared	0.993531658971894	0.993532208473946	8
shared	0.992870183947406	0.992870183947477	20
shared	0.991291520850302	0.991345336603084	12
shared	0.995195278469192	0.995205199646222	16
shared	0.997370421913247	0.997370470153973	15
shared	0.995707836775329	0.995709046906163	10
shared	0.989243365386277	0.9892435514067	24
shared	0.991019792733219	0.991187418954639	8
shared	0.998242432964649	0.998242432964734	24
shared	0.994656574498116	0.994657995709518	11
shared	0.992968998016526	0.993377828939252	10
shared	0.994459951289826	0.994459988204338	13
shared	0.89766859579215	0.898170736569437	23
shared	0.916281617312343	0.916750920078763	25
shared	0.9882536175084	0.988253647369272	11
shared	0.995334721669131	0.995334747487113	21
shared	0.982914604572976	0.982916812122479	11
shared	0.995386228382732	0.995386228423131	18
shared	0.998452838344127	0.998452838351576	25
shared	0.990857219564892	0.990860036661708	16
shared	0.985974877469834	0.986003510677707	19
shared	0.993707147849434	0.99370715023603	25
shared	0.993815279117788	0.993815778197278	23
shared	0.990778278449083	0.990893096088532	8
shared	0.996134609483059	0.996134615384197	17
shared	0.993341653369061	0.993348538025165	23
shared	0.985047973433733	0.985440938331389	12
shared	0.996404789421639	0.996404951274293	25
shared	0.984873970924785	0.984958746188215	8
shared	0.989561666691556	0.989563681965966	19
shared	0.992204506965841	0.992216728059041	8
shared	0.994145127777051	0.994156499107065	11
shared	0.994329693841689	0.994330764169517	14
shared	0.994868841891928	0.994868845216757	21
shared	0.963756908660606	0.963838744211936	9
shared	0.988388093424183	0.988406093069143	14
shared	0.96473511522566	0.964735155127434	11
shared	0.992114007108708	0.992114009067354	17
shared	0.983218499466203	0.983218548651652	21
shared	0.996399018637975	0.996405012702486	26
shared	0.984852860436396	0.984860208788407	18
shared	0.933013450527686	0.933013458844084	16
shared	0.989966459363073	0.989992294763886	16
shared	0.973514601393817	0.973523543983716	13
shared	0.993992359643298	0.993996676899331	8
shared	0.99321961772947	0.993219618861157	18
shared	0.994942892202238	0.994957349265406	9
shared	0.993312416925016	0.993312424491878	23
shared	0.995446693325891	0.99544669340883	99
shared	0.995106760906029	0.995106762798431	18
shared	0.991470575638005	0.99147744571319	21
shared	0.954876242378004	0.959012233583252	7
shared	0.995486710432526	0.995497432262136	12
shared	0.992326454636361	0.992328723393788	15
shared	0.990618501722901	0.990678645244683	20
shared	0.995103690112099	0.995111700603962	16
shared	0.990997183015096	0.990997542973037	16
shared	0.990969914768663	0.990969943997185	11
shared	0.994050561096769	0.994057910823706	8
shared	0.994387603487356	0.994388107658023	9
shared	0.99181476673794	0.991814768006462	25
shared	0.991997720199243	0.991997720814368	23
shared	0.995884336262879	0.995889200275362	20
shared	0.983920116560259	0.983920122091954	18
shared	0.994107842756239	0.994107931255052	23
shared	0.994402744195809	0.994403882850974	11
shared	0.995014936800973	0.995016426473781	16
shared	0.992358116074816	0.992358545838128	13
shared	0.993465142219644	0.993465143217256	23
shared	0.995176935891558	0.995177025027365	18
shared	0.997501644224947	0.997501645552604	16
shared	0.993517166397737	0.993523900888176	22
shared	0.983961096044895	0.983963548992771	8
shared	0.990680566485226	0.990680900568835	11
shared	0.986491099407611	0.98656831425057	15
shared	0.989929965710039	0.989946902944597	8
shared	0.996913145108873	0.996913312597	9
shared	0.992815835799422	0.992815898986373	24
shared	0.992604029002772	0.992604029765738	23
shared	0.995103700010189	0.995103700285569	23
shared	0.925747758402182	0.925986960351323	23
shared	0.995643642955262	0.995643879238852	11
shared	0.993174863108815	0.993212424461633	9
shared	0.982470271897139	0.982507771945831	23
shared	0.993594382663875	0.993594488592554	13
shared	0.993657959211852	0.993658065583157	16
shared	0.995668045521205	0.995668045529737	18
shared	0.993498909109219	0.993498952478036	10
shared	0.999016295125085	0.999016295181795	17
shared	0.995969935975825	0.995984036585848	16
shared	0.99086920695343	0.990869447185062	15
shared	0.993605033159125	0.993605062285411	16
shared	0.987450469367956	0.987450625041892	24
shared	0.996279480326782	0.996279516254831	23
shared	0.995692774432045	0.995692775647288	20
shared	0.992517658445905	0.992517694842972	23
shared	0.996913647356511	0.996916325012896	22
shared	0.968698856953429	0.968728297976664	22
shared	0.995047750673887	0.995047751506161	18
shared	0.986606136926153	0.986628319759743	8
shared	0.992226032118384	0.992226037359474	22
shared	0.994179952520472	0.994179954923027	26
shared	0.995890279948324	0.995890734657486	16
shared	0.997079788980079	0.997079989699604	12
shared	0.991942940191124	0.991943059416089	19
shared	0.997988449050092	0.997988449767623	23
shared	0.995510561943127	0.995553149119661	72
shared	0.986470323010191	0.986656238883306	8
shared	0.992501131039944	0.992501228224878	17
shared	0.995656583848373	0.995656587424219	20
shared	0.997347367593647	0.997347368012627	25
shared	0.995818416859841	0.99581956424147	11
shared	0.992638030275111	0.992666641616445	8
shared	0.989908908041457	0.98991013639461	11
shared	0.99485515160098	0.99489676251063	14
shared	0.996111819859863	0.996111819912125	22
shared	0.995907901884931	0.995907901885427	23
shared	0.99558672763992	0.995586817985189	18
shared	0.997061429274099	0.997813246452309	8
shared	0.976959396182621	0.976959813747654	20
shared	0.996666513847085	0.996666514256926	16
shared	0.991476577197925	0.99148062632547	17
shared	0.994903706527188	0.994904164163225	8
shared	0.994732822068389	0.99473282281706	23
shared	0.991488339285902	0.991494318056702	10
shared	0.995111139344951	0.995113965778876	8
shared	0.994774536811041	0.994777261170702	13
shared	0.992245830046492	0.992246089091728	16
shared	0.99225966742212	0.992259687405049	14
shared	0.994302891324158	0.994304348755354	20
shared	0.997333149025062	0.997335234734333	10
shared	0.797448174486863	0.800147736189721	9
shared	0.982443286029495	0.982443554997639	19
shared	0.993761145409908	0.993761161948937	16
shared	0.838748378529424		2
shared	0.998058103134251	0.998058884921801	28
shared	0.992994746526994	0.992994798178355	17
shared	0.985071023845085	0.985071025912444	19
shared	0.992749030810688	0.992779321670406	10
shared	0.991345963181624	0.993075112169878	8
shared	0.995105923345087	0.995107178091991	20
shared	0.992647371853536	0.992656546488669	10
shared	0.995440017282294	0.995440276077593	10
shared	0.996965586359659	0.996965697408043	23
shared	0.991454843234522	0.991459258190503	11
shared	0.998210643756563	0.998210784628759	16
shared	0.986223277215276	0.986270549532572	32
shared	0.98566714571761	0.985795690592485	9
shared	0.99582217521274	0.995822349379738	11
shared	0.993742162576296	0.9954617682076	16
shared	0.992928046895377	0.992928311262626	14
shared	0.981680492385884	0.981785058494421	8
shared	0.994850171616624	0.994850185058758	25
