gene	tissue	n_shared_snps	PP.H0	PP.H1	PP.H2	PP.H3	PP.H4	phecode	lead_chr	lead_bp
ENSG00000196352.14	Brain_Cortex	2466	0.000513899756031145	0.11369708704011	0.00391898271103716	0.867035427975296	0.0148346025175267	NEURODEGOTH	1	207518704
ENSG00000203710.10	Brain_Cortex	2466	4.4423895089671e-07	9.82850722810021e-05	0.000110383288845699	0.0234452623877817	0.976345625012141	NEURODEGOTH	1	207518704
ENSG00000117335.19	Brain_Cortex	2466	2.59713193959292e-31	5.74599097829985e-29	0.00449931158171206	0.995444316821471	5.63715968112324e-05	NEURODEGOTH	1	207518704
ENSG00000284237.1	Brain_Cortex	2466	0.000239544824521555	0.0529977849648647	0.00424301985328299	0.938737659136052	0.00378199122127932	NEURODEGOTH	1	207518704
ENSG00000196352.14	Brain_Hippocampus	2457	0.000987649513785952	0.218511445069308	0.00344088091946013	0.761258163779679	0.0158018607177665	NEURODEGOTH	1	207518704
ENSG00000203710.10	Brain_Hippocampus	2457	0.000168364516564641	0.0372496247903873	0.00136089862688642	0.300429748755392	0.66079136331077	NEURODEGOTH	1	207518704
ENSG00000117335.19	Brain_Hippocampus	2457	6.3107029818036e-16	1.39620463404182e-13	0.00449930349327467	0.995443462352192	5.72341543917383e-05	NEURODEGOTH	1	207518704
ENSG00000117335.19	Brain_Anterior_cingulate_cortex_BA24	2465	0.000478419688690589	0.105847812885443	0.00395098540468533	0.874118913824523	0.0156038681966578	NEURODEGOTH	1	207518704
ENSG00000117335.19	Brain_Amygdala	2443	2.96845081713704e-05	0.00656455114856897	0.00446582649885287	0.987589425899458	0.00135051194494911	NEURODEGOTH	1	207518704
ENSG00000117322.17	Brain_Hypothalamus	2466	8.49108485291484e-06	0.0018786056584817	0.00449031331763121	0.993456872220367	0.00016571771866729	NEURODEGOTH	1	207518704
ENSG00000117335.19	Brain_Hypothalamus	2466	4.57808529878208e-06	0.00101287610432388	0.00449439591077535	0.994360161149238	0.000127988750365085	NEURODEGOTH	1	207518704
ENSG00000117335.19	Brain_Substantia_nigra	2436	2.18283468768835e-05	0.00482938344291628	0.00447442788806048	0.989938084148478	0.000736276173667893	NEURODEGOTH	1	207518704
ENSG00000196352.14	Brain_Caudate_basal_ganglia	2487	0.00263684885089555	0.583127495699282	0.00168217284518104	0.371964517892514	0.0405889647121281	NEURODEGOTH	1	207518704
ENSG00000203710.10	Brain_Caudate_basal_ganglia	2487	5.13266043007717e-07	0.000113506522068915	0.000116582547050856	0.0248067535437145	0.974962644121123	NEURODEGOTH	1	207518704
ENSG00000117335.19	Brain_Caudate_basal_ganglia	2487	2.2558681728004e-15	4.98875298743818e-13	0.00450129468045158	0.995441411991023	5.72933280244771e-05	NEURODEGOTH	1	207518704
ENSG00000284237.1	Brain_Caudate_basal_ganglia	2487	0.000128838397116213	0.0284920433853351	0.00436292224070559	0.964838837054659	0.00217735892218421	NEURODEGOTH	1	207518704
ENSG00000203710.10	Brain_Putamen_basal_ganglia	2474	3.44173792037395e-05	0.00761051663034243	0.000113221515073477	0.02406784685331	0.96817399762207	NEURODEGOTH	1	207518704
ENSG00000117335.19	Brain_Putamen_basal_ganglia	2474	2.834607745746e-14	6.2680046792039e-12	0.00450171630764179	0.995438512747361	5.97709387018669e-05	NEURODEGOTH	1	207518704
ENSG00000196352.14	Brain_Cerebellum	2470	8.72176390591975e-06	0.00192964033412493	0.00448852658870818	0.993060299173934	0.000512812139327057	NEURODEGOTH	1	207518704
ENSG00000117335.19	Brain_Cerebellum	2470	7.79093965432356e-45	1.72370079721055e-42	0.00449929539274148	0.995443290815783	5.74137914766809e-05	NEURODEGOTH	1	207518704
ENSG00000196352.14	Brain_Cerebellar_Hemisphere	2467	0.000229183739477714	0.0506780600382869	0.00425349265277712	0.94054566217246	0.00429360139699781	NEURODEGOTH	1	207518704
ENSG00000117335.19	Brain_Cerebellar_Hemisphere	2467	8.27921259409689e-25	1.83073386388384e-22	0.00450182148210024	0.995461420810969	3.675770693055e-05	NEURODEGOTH	1	207518704
ENSG00000284237.1	Brain_Cerebellar_Hemisphere	2467	0.00194963931367701	0.431112339892401	0.00234018027585338	0.517423204328654	0.0471746361894148	NEURODEGOTH	1	207518704
ENSG00000117335.19	Brain_Frontal_Cortex_BA9	2468	4.74086177684545e-10	1.04888995694352e-07	0.00449929126794645	0.995443735094127	5.68682748453204e-05	NEURODEGOTH	1	207518704
ENSG00000203710.10	Brain_Nucleus_accumbens_basal_ganglia	2458	0.000193283972050956	0.0427629136027764	0.000177185887380575	0.0382827255258355	0.918583891011957	NEURODEGOTH	1	207518704
ENSG00000117335.19	Brain_Nucleus_accumbens_basal_ganglia	2458	4.49443694593978e-18	9.94367079551116e-16	0.00449930610579026	0.995444295415797	5.63984784093392e-05	NEURODEGOTH	1	207518704
ENSG00000196352.14	Brain_Cortex	2466	5.52726343500961e-07	0.114100542183811	4.21507299564426e-06	0.8701112148167	0.0157834752001506	AD_LO_EXMORE	1	207518704
ENSG00000203710.10	Brain_Cortex	2466	4.33258566211905e-10	8.94385402321122e-05	1.07654912660195e-07	0.021244780065639	0.978665673305957	AD_LO_EXMORE	1	207518704
ENSG00000117335.19	Brain_Cortex	2466	2.79620021673413e-34	5.77225899462309e-29	4.84418054706517e-06	0.999995084938931	7.08805224380446e-08	AD_LO_EXMORE	1	207518704
ENSG00000284237.1	Brain_Cortex	2466	2.5790447894864e-07	0.0532398016227753	4.56822152853993e-06	0.943024513318213	0.00373085893300329	AD_LO_EXMORE	1	207518704
ENSG00000196352.14	Brain_Hippocampus	2457	1.06298392970898e-06	0.219434171797833	3.70333916067827e-06	0.764472573002365	0.0160884888767113	AD_LO_EXMORE	1	207518704
ENSG00000203710.10	Brain_Hippocampus	2457	1.89736289118937e-07	0.0391676904035668	1.53364771034369e-06	0.31594947722816	0.644881108984273	AD_LO_EXMORE	1	207518704
ENSG00000117335.19	Brain_Hippocampus	2457	6.79442571515271e-19	1.40258863561053e-13	4.84418034617197e-06	0.999995082253405	7.35661113467645e-08	AD_LO_EXMORE	1	207518704
ENSG00000117335.19	Brain_Anterior_cingulate_cortex_BA24	2465	5.13234116489633e-07	0.105948077132424	4.23849718431749e-06	0.874943437106142	0.0191037340301327	AD_LO_EXMORE	1	207518704
ENSG00000117335.19	Brain_Amygdala	2443	3.19438764970066e-08	0.00659424597219961	4.80573265060871e-06	0.992056810693249	0.0013441056580249	AD_LO_EXMORE	1	207518704
ENSG00000117322.17	Brain_Hypothalamus	2466	9.14170830857263e-09	0.00188714348785315	4.83438044430708e-06	0.997971934932291	0.00013607805770504	AD_LO_EXMORE	1	207518704
ENSG00000117335.19	Brain_Hypothalamus	2466	4.92900020063e-09	0.00101750464095678	4.83889593577816e-06	0.998904140599637	7.35109344696888e-05	AD_LO_EXMORE	1	207518704
ENSG00000117335.19	Brain_Substantia_nigra	2436	2.3507245368388e-08	0.00485265358281856	4.81857260382757e-06	0.994708356422666	0.000434147914664187	AD_LO_EXMORE	1	207518704
ENSG00000196352.14	Brain_Caudate_basal_ganglia	2487	2.83704850564805e-06	0.585658297739158	1.80988984447923e-06	0.373578869149375	0.0407581861731166	AD_LO_EXMORE	1	207518704
ENSG00000203710.10	Brain_Caudate_basal_ganglia	2487	4.10512665485646e-10	8.47430519393852e-05	9.32432854090707e-08	0.0182667725296273	0.981648390764637	AD_LO_EXMORE	1	207518704
ENSG00000117335.19	Brain_Caudate_basal_ganglia	2487	2.42770882545578e-18	5.0115738778953e-13	4.84418059240749e-06	0.999995084271358	7.15475477506804e-08	AD_LO_EXMORE	1	207518704
ENSG00000284237.1	Brain_Caudate_basal_ganglia	2487	1.3866023922531e-07	0.0286239447464963	4.69552443338752e-06	0.969305593785546	0.00206562728328466	AD_LO_EXMORE	1	207518704
ENSG00000203710.10	Brain_Putamen_basal_ganglia	2474	5.56982069774335e-08	0.011497905692332	1.8322822733045e-07	0.0368725843319533	0.95162927104928	AD_LO_EXMORE	1	207518704
ENSG00000117335.19	Brain_Putamen_basal_ganglia	2474	3.05024821982199e-17	6.29669575969051e-12	4.84418070688444e-06	0.999995079602703	7.62102905398979e-08	AD_LO_EXMORE	1	207518704
ENSG00000196352.14	Brain_Cerebellum	2470	9.39335661419948e-09	0.00193909181386367	4.83415182695272e-06	0.997924744698084	0.000131319942867747	AD_LO_EXMORE	1	207518704
ENSG00000117335.19	Brain_Cerebellum	2470	8.38813934200616e-48	1.73158254282014e-42	4.84418033891686e-06	0.999995084313315	7.15063483492014e-08	AD_LO_EXMORE	1	207518704
ENSG00000196352.14	Brain_Cerebellar_Hemisphere	2467	2.46713565920061e-07	0.0509296347324301	4.57883418070098e-06	0.94521515877166	0.0038503809481641	AD_LO_EXMORE	1	207518704
ENSG00000117335.19	Brain_Cerebellar_Hemisphere	2467	8.90883901623069e-28	1.83907161851676e-22	4.8441808213061e-06	0.999995111237224	4.45819559549849e-08	AD_LO_EXMORE	1	207518704
ENSG00000284237.1	Brain_Cerebellar_Hemisphere	2467	2.08548001802326e-06	0.430510317353691	2.50323183864199e-06	0.516694972480032	0.0527901214544202	AD_LO_EXMORE	1	207518704
ENSG00000117335.19	Brain_Frontal_Cortex_BA9	2468	5.10426753579305e-13	1.05368547395531e-07	4.84417969433764e-06	0.999994953411961	9.70392865373355e-08	AD_LO_EXMORE	1	207518704
ENSG00000203710.10	Brain_Nucleus_accumbens_basal_ganglia	2458	1.66593123266996e-07	0.0343901940999014	1.52718045186812e-07	0.0305909118690876	0.935018574719842	AD_LO_EXMORE	1	207518704
ENSG00000117335.19	Brain_Nucleus_accumbens_basal_ganglia	2458	4.83893802072924e-21	9.98912887319871e-16	4.84418040437215e-06	0.999995084325252	7.14943416514849e-08	AD_LO_EXMORE	1	207518704
ENSG00000196352.14	Brain_Cortex	2466	0.0947372445182951	0.0171436682710786	0.722463124376337	0.130702098974985	0.0349538638593036	AD_EO_EXMORE	1	207518704
ENSG00000203710.10	Brain_Cortex	2466	0.0023657453047597	0.00042810568245765	0.587833972648119	0.10607123715075	0.303300939213913	AD_EO_EXMORE	1	207518704
ENSG00000117335.19	Brain_Cortex	2466	4.79031580767369e-29	8.66856383020543e-30	0.82988172702935	0.150155579193274	0.0199626937773728	AD_EO_EXMORE	1	207518704
ENSG00000284237.1	Brain_Cortex	2466	0.0443922551707103	0.0080332302287382	0.786313043487942	0.142272356208912	0.0189891149036978	AD_EO_EXMORE	1	207518704
ENSG00000196352.14	Brain_Hippocampus	2457	0.174091112819862	0.0313199545324937	0.606517575301785	0.109036833448445	0.0790345238974146	AD_EO_EXMORE	1	207518704
ENSG00000203710.10	Brain_Hippocampus	2457	0.0890808697554125	0.0160261413995408	0.720045029710544	0.129494731999487	0.0453532271350164	AD_EO_EXMORE	1	207518704
ENSG00000117335.19	Brain_Hippocampus	2457	1.16581347313646e-13	2.09736294866379e-14	0.831182935928708	0.149515107582317	0.019301956488837	AD_EO_EXMORE	1	207518704
ENSG00000117335.19	Brain_Anterior_cingulate_cortex_BA24	2465	0.0898325350396881	0.0161694624345227	0.741873804941241	0.133515423354041	0.0186087742305069	AD_EO_EXMORE	1	207518704
ENSG00000117335.19	Brain_Amygdala	2443	0.00547951674556949	0.000979594634330313	0.824354944404072	0.14735132213939	0.0218346220766386	AD_EO_EXMORE	1	207518704
ENSG00000117322.17	Brain_Hypothalamus	2466	0.00156279360786555	0.00028310326236148	0.82644715859819	0.149690578817009	0.0220163657145737	AD_EO_EXMORE	1	207518704
ENSG00000117335.19	Brain_Hypothalamus	2466	0.000844236459015929	0.000152935163382416	0.828803449804238	0.150119362143494	0.0200800164298697	AD_EO_EXMORE	1	207518704
ENSG00000117335.19	Brain_Substantia_nigra	2436	0.00403879015488958	0.000722553545071113	0.827881076152396	0.148091525427477	0.0192660547201671	AD_EO_EXMORE	1	207518704
ENSG00000196352.14	Brain_Caudate_basal_ganglia	2487	0.502763547632174	0.0913401074019382	0.320737074893955	0.0582433365670417	0.0269159335048904	AD_EO_EXMORE	1	207518704
ENSG00000203710.10	Brain_Caudate_basal_ganglia	2487	0.00247505144947542	0.000449657629884104	0.56217980127982	0.101801525122199	0.333093964518621	AD_EO_EXMORE	1	207518704
ENSG00000117335.19	Brain_Caudate_basal_ganglia	2487	4.15828949147207e-13	7.55461708686343e-14	0.829733164084012	0.150723119866695	0.0195437160488003	AD_EO_EXMORE	1	207518704
ENSG00000284237.1	Brain_Caudate_basal_ganglia	2487	0.0237784113721431	0.00431996842016083	0.805220820394037	0.14626894536617	0.0204118544474892	AD_EO_EXMORE	1	207518704
ENSG00000203710.10	Brain_Putamen_basal_ganglia	2474	0.146427210115318	0.0265169347446043	0.48169590366245	0.0869733433011828	0.258386608176445	AD_EO_EXMORE	1	207518704
ENSG00000117335.19	Brain_Putamen_basal_ganglia	2474	5.22846588004256e-12	9.46838285358929e-13	0.830346637959315	0.150350615500411	0.0193027465340974	AD_EO_EXMORE	1	207518704
ENSG00000196352.14	Brain_Cerebellum	2470	0.00144229793534572	0.000261361145704059	0.742257266015216	0.134383986706539	0.121655088197196	AD_EO_EXMORE	1	207518704
ENSG00000117335.19	Brain_Cerebellum	2470	1.43741516263992e-42	2.60476330550873e-43	0.830112374844734	0.150406527312503	0.0194810978427581	AD_EO_EXMORE	1	207518704
ENSG00000196352.14	Brain_Cerebellar_Hemisphere	2467	0.0383843108054656	0.00691695099434444	0.712386421327405	0.128259802896147	0.114052513976638	AD_EO_EXMORE	1	207518704
ENSG00000117335.19	Brain_Cerebellar_Hemisphere	2467	1.53318692496689e-22	2.76284205776481e-23	0.833670322684118	0.150213408410336	0.0161162689055501	AD_EO_EXMORE	1	207518704
ENSG00000284237.1	Brain_Cerebellar_Hemisphere	2467	0.379167997131146	0.0683270429960782	0.45512083281069	0.0819985526987846	0.0153855743633009	AD_EO_EXMORE	1	207518704
ENSG00000117335.19	Brain_Frontal_Cortex_BA9	2468	8.7479106438365e-08	1.58387658471666e-08	0.830216104692656	0.150297532513899	0.0194862594755747	AD_EO_EXMORE	1	207518704
ENSG00000203710.10	Brain_Nucleus_accumbens_basal_ganglia	2458	0.385678457031194	0.0696987552274138	0.353556370595631	0.0637664397012657	0.127299977444495	AD_EO_EXMORE	1	207518704
ENSG00000117335.19	Brain_Nucleus_accumbens_basal_ganglia	2458	8.29241227722298e-16	1.49858205201287e-16	0.830139606794238	0.150000698113385	0.0198596950923778	AD_EO_EXMORE	1	207518704
ENSG00000196352.14	Brain_Cortex	2464	1.31745909999898e-06	0.114131533949131	1.00466298226591e-05	0.870324406267152	0.0155326956947949	KRA_PSY_DEMENTIA_EXMORE	1	207518704
ENSG00000203710.10	Brain_Cortex	2464	8.11389556926547e-10	7.02907094136006e-05	2.01611331155357e-07	0.0164821502367248	0.983447356631141	KRA_PSY_DEMENTIA_EXMORE	1	207518704
ENSG00000117335.19	Brain_Cortex	2464	6.66326387711459e-34	5.77238813260701e-29	1.15432057496374e-05	0.999988370632571	8.61616821650222e-08	KRA_PSY_DEMENTIA_EXMORE	1	207518704
ENSG00000284237.1	Brain_Cortex	2464	6.14587666892128e-07	0.0532417538948041	1.08859658081979e-05	0.943047949796887	0.00369879575483475	KRA_PSY_DEMENTIA_EXMORE	1	207518704
ENSG00000196352.14	Brain_Hippocampus	2455	2.53328907528485e-06	0.219458942693875	8.82526163389701e-06	0.764516785995741	0.0160129127596759	KRA_PSY_DEMENTIA_EXMORE	1	207518704
ENSG00000203710.10	Brain_Hippocampus	2455	4.08412642847535e-07	0.0353808050003345	3.30112733902504e-06	0.285297486854911	0.679317998604773	KRA_PSY_DEMENTIA_EXMORE	1	207518704
ENSG00000117335.19	Brain_Hippocampus	2455	1.61907348591338e-18	1.40260406452936e-13	1.15432052256502e-05	0.999988370302997	8.64916379929074e-08	KRA_PSY_DEMENTIA_EXMORE	1	207518704
ENSG00000117335.19	Brain_Anterior_cingulate_cortex_BA24	2463	1.22408027758853e-06	0.106042128532165	1.01087285241604e-05	0.875701353506165	0.0182451851528678	KRA_PSY_DEMENTIA_EXMORE	1	207518704
ENSG00000117335.19	Brain_Amygdala	2441	7.61214286135402e-08	0.00659440130554328	1.14518689628214e-05	0.992074381132299	0.00131968957176732	KRA_PSY_DEMENTIA_EXMORE	1	207518704
ENSG00000117322.17	Brain_Hypothalamus	2464	2.17839188202051e-08	0.0018871418524586	1.15198523741847e-05	0.997965185393343	0.000136131117905359	KRA_PSY_DEMENTIA_EXMORE	1	207518704
ENSG00000117335.19	Brain_Hypothalamus	2464	1.17454034800824e-08	0.00101750482382066	1.15306166884358e-05	0.998897761353439	7.31914606478766e-05	KRA_PSY_DEMENTIA_EXMORE	1	207518704
ENSG00000117335.19	Brain_Substantia_nigra	2434	5.60158343937601e-08	0.00485265396957543	1.14822140202602e-05	0.994704227342509	0.000431580458060269	KRA_PSY_DEMENTIA_EXMORE	1	207518704
ENSG00000196352.14	Brain_Caudate_basal_ganglia	2485	6.76161186109693e-06	0.585758648748681	4.31229171355482e-06	0.373533270122592	0.0406970072251531	KRA_PSY_DEMENTIA_EXMORE	1	207518704
ENSG00000203710.10	Brain_Caudate_basal_ganglia	2485	8.79273595698622e-10	7.61714993225393e-05	1.99716339961656e-07	0.0163178270278912	0.983605800877171	KRA_PSY_DEMENTIA_EXMORE	1	207518704
ENSG00000117335.19	Brain_Caudate_basal_ganglia	2485	5.78511245359853e-18	5.0116447428399e-13	1.15432068030735e-05	0.999988369268238	8.75244555593787e-08	KRA_PSY_DEMENTIA_EXMORE	1	207518704
ENSG00000284237.1	Brain_Caudate_basal_ganglia	2485	3.30407383202907e-07	0.0286232020259922	1.1188650972338e-05	0.969271092371975	0.00209418654367652	KRA_PSY_DEMENTIA_EXMORE	1	207518704
ENSG00000203710.10	Brain_Putamen_basal_ganglia	2472	1.02420888224411e-07	0.00887272099240966	3.36910365660561e-07	0.0282236399535362	0.9629031997228	KRA_PSY_DEMENTIA_EXMORE	1	207518704
ENSG00000117335.19	Brain_Putamen_basal_ganglia	2472	7.26852957412174e-17	6.29672677656878e-12	1.15432117190081e-05	0.999988368638591	8.81433939116448e-08	KRA_PSY_DEMENTIA_EXMORE	1	207518704
ENSG00000196352.14	Brain_Cerebellum	2468	2.23833981794783e-08	0.00193907475907692	1.15192949003116e-05	0.997916886377839	0.000132497184786508	KRA_PSY_DEMENTIA_EXMORE	1	207518704
ENSG00000117335.19	Brain_Cerebellum	2468	1.99889675205373e-47	1.73164512681628e-42	1.15432051981418e-05	0.999988368929491	8.78653131738903e-08	KRA_PSY_DEMENTIA_EXMORE	1	207518704
ENSG00000196352.14	Brain_Cerebellar_Hemisphere	2466	5.87857695477284e-07	0.050926109079473	1.09102233359107e-05	0.945148676716316	0.00391371612317897	KRA_PSY_DEMENTIA_EXMORE	1	207518704
ENSG00000117335.19	Brain_Cerebellar_Hemisphere	2466	2.12288907101895e-27	1.8390586910078e-22	1.15432117313259e-05	0.999988371726041	8.50622277468208e-08	KRA_PSY_DEMENTIA_EXMORE	1	207518704
ENSG00000284237.1	Brain_Cerebellar_Hemisphere	2466	4.96815792279525e-06	0.430391494824099	5.96293149558206e-06	0.516515642291313	0.0530819317951701	KRA_PSY_DEMENTIA_EXMORE	1	207518704
ENSG00000117335.19	Brain_Frontal_Cortex_BA9	2466	1.21630152121439e-12	1.05368255141843e-07	1.15432035919599e-05	0.999988242952736	1.08474202201328e-07	KRA_PSY_DEMENTIA_EXMORE	1	207518704
ENSG00000203710.10	Brain_Nucleus_accumbens_basal_ganglia	2456	3.73227777257349e-07	0.0323327385267833	3.42074573616207e-07	0.0286949635619541	0.938971582608912	KRA_PSY_DEMENTIA_EXMORE	1	207518704
ENSG00000117335.19	Brain_Nucleus_accumbens_basal_ganglia	2456	1.15308494387465e-20	9.98917986850762e-16	1.15432052454479e-05	0.999988370835088	8.59596680921289e-08	KRA_PSY_DEMENTIA_EXMORE	1	207518704
ENSG00000196352.14	Brain_Cortex	2464	5.60919591644816e-09	0.114373151918855	4.27743942680035e-08	0.872169002349135	0.0134577973484206	F5_DEMENTIA_INCLAVO	1	207518704
ENSG00000203710.10	Brain_Cortex	2464	3.58108529579594e-12	7.30193807938518e-05	8.89815954990968e-10	0.0171608424861593	0.982766137239649	F5_DEMENTIA_INCLAVO	1	207518704
ENSG00000117335.19	Brain_Cortex	2464	2.83098177673871e-36	5.77245497667476e-29	4.90429401041819e-08	0.999999950551286	4.057782238156e-10	F5_DEMENTIA_INCLAVO	1	207518704
ENSG00000284237.1	Brain_Cortex	2464	2.61124793737805e-09	0.0532441122556923	4.62520764641607e-08	0.943089755290008	0.00366608359097514	F5_DEMENTIA_INCLAVO	1	207518704
ENSG00000196352.14	Brain_Hippocampus	2455	1.07638569756674e-08	0.219478204663536	3.74982290520598e-08	0.764583964372524	0.0159377827018544	F5_DEMENTIA_INCLAVO	1	207518704
ENSG00000203710.10	Brain_Hippocampus	2455	2.14168195306198e-09	0.0436695239523278	1.73108373860717e-08	0.352369096467205	0.603961360127949	F5_DEMENTIA_INCLAVO	1	207518704
ENSG00000117335.19	Brain_Hippocampus	2455	6.87886270979362e-21	1.40262030709381e-13	4.90429400944857e-08	0.999999950546277	4.10643587989344e-10	F5_DEMENTIA_INCLAVO	1	207518704
ENSG00000117335.19	Brain_Anterior_cingulate_cortex_BA24	2463	5.21286254364907e-09	0.106291798085969	4.30489840023599e-08	0.877765482999145	0.0159426706530394	F5_DEMENTIA_INCLAVO	1	207518704
ENSG00000117335.19	Brain_Amygdala	2441	3.23322805363831e-10	0.00659264687638877	4.86413677089053e-08	0.991810163643075	0.00159714051584508	F5_DEMENTIA_INCLAVO	1	207518704
ENSG00000117322.17	Brain_Hypothalamus	2464	9.25520360622055e-11	0.00188716319435203	4.89437094017225e-08	0.99797647130687	0.000136316462516556	F5_DEMENTIA_INCLAVO	1	207518704
ENSG00000117335.19	Brain_Hypothalamus	2464	4.99020351441479e-11	0.00101751715093553	4.89894825831889e-08	0.998909863665142	7.25701445395838e-05	F5_DEMENTIA_INCLAVO	1	207518704
ENSG00000117335.19	Brain_Substantia_nigra	2434	2.37992998826509e-10	0.00485274713418103	4.87841799988243e-08	0.994723332078899	0.000423871764747571	F5_DEMENTIA_INCLAVO	1	207518704
ENSG00000196352.14	Brain_Caudate_basal_ganglia	2485	2.87314920000092e-08	0.58584355296165	1.83238223984076e-08	0.37358754686457	0.0405688531184658	F5_DEMENTIA_INCLAVO	1	207518704
ENSG00000203710.10	Brain_Caudate_basal_ganglia	2485	8.27423968032064e-12	0.000168714175107013	1.87939325484482e-09	0.0373589075864473	0.96247237635078	F5_DEMENTIA_INCLAVO	1	207518704
ENSG00000117335.19	Brain_Caudate_basal_ganglia	2485	2.45788654199561e-20	5.0117027843137e-13	4.90429406175125e-08	0.9999999505431	4.13456671320533e-10	F5_DEMENTIA_INCLAVO	1	207518704
ENSG00000284237.1	Brain_Caudate_basal_ganglia	2485	1.40390890457774e-09	0.0286261145328637	4.75408466300262e-08	0.969369809331134	0.00200402719124588	F5_DEMENTIA_INCLAVO	1	207518704
ENSG00000203710.10	Brain_Putamen_basal_ganglia	2472	6.37888726161748e-10	0.0130067383024895	2.09831537011298e-09	0.0418401129604742	0.945153146000832	F5_DEMENTIA_INCLAVO	1	207518704
ENSG00000117335.19	Brain_Putamen_basal_ganglia	2472	3.08813589480765e-19	6.29679970485985e-12	4.90429406488868e-08	0.999999950528321	4.22442631089284e-10	F5_DEMENTIA_INCLAVO	1	207518704
ENSG00000196352.14	Brain_Cerebellum	2468	9.50991625438742e-11	0.0019390998512446	4.8941420303192e-08	0.997929801149341	0.000131049962893519	F5_DEMENTIA_INCLAVO	1	207518704
ENSG00000117335.19	Brain_Cerebellum	2468	8.49259559905104e-50	1.73166518214111e-42	4.904294009381e-08	0.999999950542063	4.14995466358136e-10	F5_DEMENTIA_INCLAVO	1	207518704
ENSG00000196352.14	Brain_Cerebellar_Hemisphere	2466	2.49781133376704e-09	0.0509311060294815	4.63576129257637e-08	0.945241502950637	0.00382734216445569	F5_DEMENTIA_INCLAVO	1	207518704
ENSG00000117335.19	Brain_Cerebellar_Hemisphere	2466	9.01938950322782e-30	1.83907998534581e-22	4.90429406530813e-08	0.999999950609465	3.47595346368346e-10	F5_DEMENTIA_INCLAVO	1	207518704
ENSG00000284237.1	Brain_Cerebellar_Hemisphere	2466	2.10716219685603e-08	0.429656554995034	2.52907899168859e-08	0.515631916011229	0.0547114826313264	F5_DEMENTIA_INCLAVO	1	207518704
ENSG00000117335.19	Brain_Frontal_Cortex_BA9	2466	5.16762913699289e-15	1.05369475642486e-07	4.90429339893413e-08	0.999999826096713	1.94908737631204e-08	F5_DEMENTIA_INCLAVO	1	207518704
ENSG00000203710.10	Brain_Nucleus_accumbens_basal_ganglia	2456	2.50030056614633e-09	0.0509818627852236	2.29160127459411e-09	0.045823228039186	0.90319490438369	F5_DEMENTIA_INCLAVO	1	207518704
ENSG00000117335.19	Brain_Nucleus_accumbens_basal_ganglia	2456	4.89904447027391e-23	9.98929554086239e-16	4.90429400950499e-08	0.999999950550909	4.06149019791257e-10	F5_DEMENTIA_INCLAVO	1	207518704
ENSG00000196352.14	Brain_Cortex	2465	1.54063352736874e-09	0.114353749117105	1.17486655291337e-08	0.872032805467975	0.0136134321256223	F5_DEMENTIA	1	207518704
ENSG00000203710.10	Brain_Cortex	2465	9.43856643718142e-13	7.00578975602315e-05	2.34526691724733e-10	0.016424272358378	0.983505669508592	F5_DEMENTIA	1	207518704
ENSG00000117335.19	Brain_Cortex	2465	7.77678972757448e-37	5.7723335604826e-29	1.34725229239326e-08	0.999999986400994	1.26481553067948e-10	F5_DEMENTIA	1	207518704
ENSG00000284237.1	Brain_Cortex	2465	7.17328600532072e-10	0.0532438203911264	1.27058546553884e-08	0.94309025601831	0.00366591016738079	F5_DEMENTIA	1	207518704
ENSG00000196352.14	Brain_Hippocampus	2456	2.95685246893665e-09	0.219472807401832	1.03011333613178e-08	0.764587191883415	0.0159399874567694	F5_DEMENTIA	1	207518704
ENSG00000203710.10	Brain_Hippocampus	2456	5.74324831363259e-10	0.0426293446913865	4.64223346112924e-09	0.343957044688427	0.613413605403629	F5_DEMENTIA	1	207518704
ENSG00000117335.19	Brain_Hippocampus	2456	1.88964550718942e-21	1.40259214422782e-13	1.34725229230863e-08	0.999999986397114	1.30220266766896e-10	F5_DEMENTIA	1	207518704
ENSG00000117335.19	Brain_Anterior_cingulate_cortex_BA24	2464	1.43177777897738e-09	0.106273915263071	1.18240671691317e-08	0.877627017669687	0.016099053811397	F5_DEMENTIA	1	207518704
ENSG00000117335.19	Brain_Amygdala	2442	8.88230733027252e-11	0.00659290560667342	1.33628074896735e-08	0.991854787999473	0.00155229294222272	F5_DEMENTIA	1	207518704
ENSG00000117322.17	Brain_Hypothalamus	2465	2.54247071929434e-11	0.0018871526137079	1.34452627419783e-08	0.997976459106138	0.000136374809466819	F5_DEMENTIA	1	207518704
ENSG00000117335.19	Brain_Hypothalamus	2465	1.37084309176623e-11	0.00101751029185031	1.34578361200005e-08	0.998909783612833	7.26926237719213e-05	F5_DEMENTIA	1	207518704
ENSG00000117335.19	Brain_Substantia_nigra	2435	6.53783440576335e-11	0.00485271715892557	1.34014266528514e-08	0.994722430408719	0.000424838965550278	F5_DEMENTIA	1	207518704
ENSG00000196352.14	Brain_Caudate_basal_ganglia	2486	7.89158880119579e-09	0.585754333015859	5.03363696940794e-09	0.373581776411274	0.0406638776476409	F5_DEMENTIA	1	207518704
ENSG00000203710.10	Brain_Caudate_basal_ganglia	2486	2.58735029683248e-12	0.000192046454215892	5.8768476115025e-10	0.0426638432431751	0.957144109712337	F5_DEMENTIA	1	207518704
ENSG00000117335.19	Brain_Caudate_basal_ganglia	2486	6.75195790656977e-21	5.0116506317646e-13	1.34725229486897e-08	0.999999986397384	1.2959054543043e-10	F5_DEMENTIA	1	207518704
ENSG00000284237.1	Brain_Caudate_basal_ganglia	2486	3.85655867238037e-10	0.0286253631529102	1.30595963305549e-08	0.969348421568761	0.00202620183307767	F5_DEMENTIA	1	207518704
ENSG00000203710.10	Brain_Putamen_basal_ganglia	2473	2.04792632367544e-10	0.0152007630882408	6.73676675677305e-10	0.0490680185593531	0.935731217473938	F5_DEMENTIA	1	207518704
ENSG00000117335.19	Brain_Putamen_basal_ganglia	2473	8.48336840197785e-20	6.296792603227e-12	1.34725229510254e-08	0.999999986385504	1.35673677370722e-10	F5_DEMENTIA	1	207518704
ENSG00000196352.14	Brain_Cerebellum	2469	2.61245784910132e-11	0.00193910066322068	1.34446272572699e-08	0.997929294918067	0.000131590947961808	F5_DEMENTIA	1	207518704
ENSG00000117335.19	Brain_Cerebellum	2469	2.33291362093736e-50	1.73160855060393e-42	1.34725229232126e-08	0.999999986397498	1.29985414234747e-10	F5_DEMENTIA	1	207518704
ENSG00000196352.14	Brain_Cerebellar_Hemisphere	2467	6.86184277401147e-10	0.0509321283440291	1.27351084724786e-08	0.94526148249392	0.00380637574075778	F5_DEMENTIA	1	207518704
ENSG00000117335.19	Brain_Cerebellar_Hemisphere	2467	2.47770557174861e-30	1.83908058425597e-22	1.3472522951241e-08	0.999999986401974	1.25502577982563e-10	F5_DEMENTIA	1	207518704
ENSG00000284237.1	Brain_Cerebellar_Hemisphere	2467	5.78957498604688e-09	0.429732050060271	6.94931062011073e-09	0.515759088260175	0.0545088489406703	F5_DEMENTIA	1	207518704
ENSG00000117335.19	Brain_Frontal_Cortex_BA9	2467	1.41959321617847e-15	1.05369514307268e-07	1.34725212550155e-08	0.999999862587745	1.85702153483112e-08	F5_DEMENTIA	1	207518704
ENSG00000203710.10	Brain_Nucleus_accumbens_basal_ganglia	2457	7.11386427870129e-10	0.0528027617586819	6.52068637127237e-10	0.0475001930125468	0.899697043865316	F5_DEMENTIA	1	207518704
ENSG00000117335.19	Brain_Nucleus_accumbens_basal_ganglia	2457	1.34581339223167e-23	9.98931960712435e-16	1.34725229230788e-08	0.999999986400489	1.26988054588888e-10	F5_DEMENTIA	1	207518704
ENSG00000196352.14	Brain_Cortex	2465	0.000579118610358374	0.113517025247419	0.00441628118168869	0.865649836675498	0.0158377382850358	F5_ALZHDEMENT	1	207518704
ENSG00000203710.10	Brain_Cortex	2465	5.08591347856844e-07	9.96924910417865e-05	0.000126373265523475	0.0237953155704126	0.975978110081673	F5_ALZHDEMENT	1	207518704
ENSG00000117335.19	Brain_Cortex	2465	2.92954453359199e-31	5.74240189893754e-29	0.00507514762107494	0.994814510240374	0.000110342138549104	F5_ALZHDEMENT	1	207518704
ENSG00000284237.1	Brain_Cortex	2465	0.000269819725142343	0.0528892216609664	0.00477924651027794	0.936807753026016	0.00525395907759707	F5_ALZHDEMENT	1	207518704
ENSG00000196352.14	Brain_Hippocampus	2456	0.00111341268709038	0.218252791182159	0.00387892622185032	0.760336399963292	0.0164184699456084	F5_ALZHDEMENT	1	207518704
ENSG00000203710.10	Brain_Hippocampus	2456	0.000219838297740526	0.0430930261949758	0.00177693988850583	0.347711169289361	0.607199026329416	F5_ALZHDEMENT	1	207518704
ENSG00000117335.19	Brain_Hippocampus	2456	7.11823734130986e-16	1.39532734452471e-13	0.00507505854340928	0.994820329315625	0.000104612140822588	F5_ALZHDEMENT	1	207518704
ENSG00000117335.19	Brain_Anterior_cingulate_cortex_BA24	2464	0.000538732655571034	0.105603283486675	0.00444902218710661	0.872087509032393	0.0173214526382546	F5_ALZHDEMENT	1	207518704
ENSG00000117335.19	Brain_Amygdala	2442	3.34682099585825e-05	0.006560408716333	0.00503505710927467	0.986966006337569	0.00140505962686488	F5_ALZHDEMENT	1	207518704
ENSG00000117322.17	Brain_Hypothalamus	2465	9.57642459126471e-06	0.00187718633050571	0.00506426853930624	0.992705816165768	0.000343152539829485	F5_ALZHDEMENT	1	207518704
ENSG00000117335.19	Brain_Hypothalamus	2465	5.16387918513729e-06	0.00101223200019398	0.00506948171052317	0.993727868368737	0.000185254041361393	F5_ALZHDEMENT	1	207518704
ENSG00000117335.19	Brain_Substantia_nigra	2435	2.46282762080493e-05	0.00482760635666111	0.00504836948603934	0.989575051944756	0.000524343936334151	F5_ALZHDEMENT	1	207518704
ENSG00000196352.14	Brain_Caudate_basal_ganglia	2486	0.00293355069561297	0.575040334564928	0.00187116049822975	0.366735114114927	0.0534198401263022	F5_ALZHDEMENT	1	207518704
ENSG00000203710.10	Brain_Caudate_basal_ganglia	2486	6.36801174376134e-07	0.000124827009436793	0.000144641545646754	0.027380568837525	0.972349325806217	F5_ALZHDEMENT	1	207518704
ENSG00000117335.19	Brain_Caudate_basal_ganglia	2486	2.54342948121356e-15	4.9856801247941e-13	0.00507503342410975	0.994817852736847	0.000107113838543005	F5_ALZHDEMENT	1	207518704
ENSG00000284237.1	Brain_Caudate_basal_ganglia	2486	0.000144488697919539	0.0283229566534359	0.00489287011933876	0.959102415940999	0.00753726858830699	F5_ALZHDEMENT	1	207518704
ENSG00000203710.10	Brain_Putamen_basal_ganglia	2473	6.36727386233458e-05	0.0124811038805149	0.000209454990597814	0.040110144972097	0.947135623418167	F5_ALZHDEMENT	1	207518704
ENSG00000117335.19	Brain_Putamen_basal_ganglia	2473	3.19570240026629e-14	6.26420262286478e-12	0.00507512722448748	0.9948242380884	0.000100634680816928	F5_ALZHDEMENT	1	207518704
ENSG00000196352.14	Brain_Cerebellum	2469	9.84104253231297e-06	0.00192905865019539	0.00506454673385068	0.992761217952926	0.000235335620496141	F5_ALZHDEMENT	1	207518704
ENSG00000117335.19	Brain_Cerebellum	2469	8.78798318660409e-45	1.72263608537681e-42	0.00507504023585574	0.994818301546161	0.00010665821798345	F5_ALZHDEMENT	1	207518704
ENSG00000196352.14	Brain_Cerebellar_Hemisphere	2467	0.00025841751902451	0.0506552217607386	0.00479605150445906	0.940121924658134	0.00416838455764465	F5_ALZHDEMENT	1	207518704
ENSG00000117335.19	Brain_Cerebellar_Hemisphere	2467	9.3339503624594e-25	1.82964888487016e-22	0.00507533509702811	0.994871447060104	5.32178428715429e-05	F5_ALZHDEMENT	1	207518704
ENSG00000284237.1	Brain_Cerebellar_Hemisphere	2467	0.00219289280926064	0.429852712656417	0.0026321609660271	0.515909016952418	0.0494132166158765	F5_ALZHDEMENT	1	207518704
ENSG00000117335.19	Brain_Frontal_Cortex_BA9	2467	5.34754113284352e-10	1.04823657013269e-07	0.00507503563367597	0.9948193477272	0.000105511280713349	F5_ALZHDEMENT	1	207518704
ENSG00000203710.10	Brain_Nucleus_accumbens_basal_ganglia	2457	0.000237488286918659	0.0465524827636019	0.000217685715551777	0.0417595475303061	0.911232795703622	F5_ALZHDEMENT	1	207518704
ENSG00000117335.19	Brain_Nucleus_accumbens_basal_ganglia	2457	5.06965007691795e-18	9.93753422054234e-16	0.00507507038252954	0.994815801888935	0.00010912772853449	F5_ALZHDEMENT	1	207518704
ENSG00000196352.14	Brain_Cortex	2464	0.0918402394303561	0.0210273819387862	0.700351827530644	0.160323357444852	0.0264571936553616	F5_VASCDEM	1	207518704
ENSG00000203710.10	Brain_Cortex	2464	0.00307890936607081	0.000704935043689333	0.765036979464634	0.175103798597942	0.0560753775276636	F5_VASCDEM	1	207518704
ENSG00000117335.19	Brain_Cortex	2464	4.64010319602615e-29	1.06237987556873e-29	0.80383528071342	0.184030847377612	0.0121338719089629	F5_VASCDEM	1	207518704
ENSG00000284237.1	Brain_Cortex	2464	0.0296955242393219	0.00679897106024218	0.525985923473649	0.120110270057988	0.317409311168799	F5_VASCDEM	1	207518704
ENSG00000196352.14	Brain_Hippocampus	2455	0.173578846656346	0.0398277473049401	0.604699538950207	0.138705402718541	0.0431884643699661	F5_VASCDEM	1	207518704
ENSG00000203710.10	Brain_Hippocampus	2455	0.0873824375777468	0.0200499410485566	0.706296826727361	0.16203590134479	0.024234893301546	F5_VASCDEM	1	207518704
ENSG00000117335.19	Brain_Hippocampus	2455	1.12681893228948e-13	2.58549129448355e-14	0.803367005928564	0.184320621747211	0.0123123723240865	F5_VASCDEM	1	207518704
ENSG00000117335.19	Brain_Anterior_cingulate_cortex_BA24	2463	0.0866945858677973	0.0199493658230754	0.715943267036827	0.164733642672838	0.0126791385994616	F5_VASCDEM	1	207518704
ENSG00000117335.19	Brain_Amygdala	2441	0.00531042486890035	0.00121168722655525	0.798911565944222	0.18227650316856	0.0122898187917618	F5_VASCDEM	1	207518704
ENSG00000117322.17	Brain_Hypothalamus	2464	0.00151741893748967	0.000348423444280016	0.802447084656768	0.184243128198055	0.011443944763408	F5_VASCDEM	1	207518704
ENSG00000117335.19	Brain_Hypothalamus	2464	0.000817467200426317	0.000187703428843242	0.802518275295422	0.18425870078878	0.0122178532865289	F5_VASCDEM	1	207518704
ENSG00000117335.19	Brain_Substantia_nigra	2434	0.00390175560786586	0.000892219061916512	0.799788014034423	0.182875927449019	0.0125420838467764	F5_VASCDEM	1	207518704
ENSG00000196352.14	Brain_Caudate_basal_ganglia	2485	0.487220089862299	0.112718208696135	0.310729926436472	0.0718698050475007	0.017461969957593	F5_VASCDEM	1	207518704
ENSG00000203710.10	Brain_Caudate_basal_ganglia	2485	0.00339134096020112	0.000784585623757307	0.770301994108293	0.178161754482997	0.0473603248247509	F5_VASCDEM	1	207518704
ENSG00000117335.19	Brain_Caudate_basal_ganglia	2485	4.02083509838996e-13	9.30218887076597e-14	0.802289176468836	0.185597225403932	0.0121135981267354	F5_VASCDEM	1	207518704
ENSG00000284237.1	Brain_Caudate_basal_ganglia	2485	0.0163530461795146	0.00378327189381915	0.553766457224568	0.127815407238338	0.29828181746376	F5_VASCDEM	1	207518704
ENSG00000203710.10	Brain_Putamen_basal_ganglia	2472	0.182433633261323	0.0420133954967268	0.600109832636738	0.138164495280272	0.0372786433249404	F5_VASCDEM	1	207518704
ENSG00000117335.19	Brain_Putamen_basal_ganglia	2472	5.05479037147973e-12	1.16408856872253e-12	0.802755424713867	0.184857477865126	0.01238709741479	F5_VASCDEM	1	207518704
ENSG00000196352.14	Brain_Cerebellum	2468	0.00146217930624666	0.000336022054204266	0.75248961264651	0.172856075607239	0.0728561103857999	F5_VASCDEM	1	207518704
ENSG00000117335.19	Brain_Cerebellum	2468	1.39103347766301e-42	3.1967209810339e-43	0.803292358830014	0.184591747248921	0.012115893921065	F5_VASCDEM	1	207518704
ENSG00000196352.14	Brain_Cerebellar_Hemisphere	2466	0.0387839289040649	0.00892647033440025	0.719802308352672	0.165602095066014	0.0668851973428491	F5_VASCDEM	1	207518704
ENSG00000117335.19	Brain_Cerebellar_Hemisphere	2466	1.47518102823876e-22	3.39526191867148e-23	0.80212985141149	0.184604139325634	0.0132660092628767	F5_VASCDEM	1	207518704
ENSG00000284237.1	Brain_Cerebellar_Hemisphere	2466	0.327079838506582	0.0752803689030954	0.392570989269894	0.0902389168556967	0.114829886464733	F5_VASCDEM	1	207518704
ENSG00000117335.19	Brain_Frontal_Cortex_BA9	2466	8.45693295343808e-08	1.95069872783959e-08	0.80259785211502	0.185117077854768	0.0122849659538968	F5_VASCDEM	1	207518704
ENSG00000203710.10	Brain_Nucleus_accumbens_basal_ganglia	2456	0.405794039646393	0.0928575119075436	0.371922540460658	0.0850623614304897	0.0443635465549159	F5_VASCDEM	1	207518704
ENSG00000117335.19	Brain_Nucleus_accumbens_basal_ganglia	2456	8.03003110789882e-16	1.83750532627196e-16	0.803863563549262	0.183935228106688	0.0122012083440466	F5_VASCDEM	1	207518704
ENSG00000196352.14	Brain_Cortex	2464	2.50295429162682e-10	0.114272276308718	1.90869342593102e-09	0.87139887788679	0.0143288436455018	G6_NEURODEGENERATIVE	1	207518704
ENSG00000203710.10	Brain_Cortex	2464	1.64478536090072e-13	7.50926087056984e-05	4.08690700102341e-11	0.0176765088801312	0.982248398470129	G6_NEURODEGENERATIVE	1	207518704
ENSG00000117335.19	Brain_Cortex	2464	1.26436543544898e-37	5.77245524930898e-29	2.19034254582717e-09	0.999999997781885	2.77674787175112e-11	G6_NEURODEGENERATIVE	1	207518704
ENSG00000284237.1	Brain_Cortex	2464	1.16620771309734e-10	0.053243165674352	2.06566092584194e-09	0.943072971064613	0.0036838610787522	G6_NEURODEGENERATIVE	1	207518704
ENSG00000196352.14	Brain_Hippocampus	2455	4.80731337044748e-10	0.219477696261475	1.67473182055071e-09	0.764582190915772	0.0159401106672889	G6_NEURODEGENERATIVE	1	207518704
ENSG00000203710.10	Brain_Hippocampus	2455	8.7210132536363e-11	0.0398157505133832	7.04904115476314e-10	0.321184687450805	0.638999561243696	G6_NEURODEGENERATIVE	1	207518704
ENSG00000117335.19	Brain_Hippocampus	2455	3.07221908617352e-22	1.40262037334407e-13	2.19034254580819e-09	0.999999997779867	2.96510268456024e-11	G6_NEURODEGENERATIVE	1	207518704
ENSG00000117335.19	Brain_Anterior_cingulate_cortex_BA24	2463	2.32680424047247e-10	0.106230152893782	1.92152694773733e-09	0.877255831881446	0.0165140130705647	G6_NEURODEGENERATIVE	1	207518704
ENSG00000117335.19	Brain_Amygdala	2441	1.44422587480945e-11	0.00659360735196941	2.17272399799549e-09	0.991954805179163	0.00145158528169977	G6_NEURODEGENERATIVE	1	207518704
ENSG00000117322.17	Brain_Hypothalamus	2464	4.13353490848619e-12	0.00188716368004933	2.18591119083375e-09	0.997976728365801	0.000136105764103751	G6_NEURODEGENERATIVE	1	207518704
ENSG00000117335.19	Brain_Hypothalamus	2464	2.22871064270788e-12	0.00101751693680459	2.18795447717746e-09	0.998909653192462	7.2827680550104e-05	G6_NEURODEGENERATIVE	1	207518704
ENSG00000117335.19	Brain_Substantia_nigra	2434	1.06291399911345e-11	0.00485272953666209	2.17877786790782e-09	0.994719721236458	0.000427547037472039	G6_NEURODEGENERATIVE	1	207518704
ENSG00000196352.14	Brain_Caudate_basal_ganglia	2485	1.28318638432592e-09	0.585838221387638	8.18366112363237e-10	0.373584137809514	0.0405776387012959	G6_NEURODEGENERATIVE	1	207518704
ENSG00000203710.10	Brain_Caudate_basal_ganglia	2485	2.37929809155189e-13	0.000108626757510211	5.40428723035796e-11	0.0236970570335625	0.976194316154645	G6_NEURODEGENERATIVE	1	207518704
ENSG00000117335.19	Brain_Caudate_basal_ganglia	2485	1.09773463801392e-21	5.01170302105028e-13	2.19034254616947e-09	0.99999999778025	2.89026661457438e-11	G6_NEURODEGENERATIVE	1	207518704
ENSG00000284237.1	Brain_Caudate_basal_ganglia	2485	6.27004231527555e-11	0.0286258526654791	2.12323690734012e-09	0.969360932478303	0.00201321267028085	G6_NEURODEGENERATIVE	1	207518704
ENSG00000203710.10	Brain_Putamen_basal_ganglia	2472	2.02457170539499e-11	0.00924317387883158	6.65976643432468e-11	0.0294438235411195	0.961313002493204	G6_NEURODEGENERATIVE	1	207518704
ENSG00000117335.19	Brain_Putamen_basal_ganglia	2472	1.37921489808446e-20	6.2968000023405e-12	2.19034254621201e-09	0.999999997771873	3.14882366854765e-11	G6_NEURODEGENERATIVE	1	207518704
ENSG00000196352.14	Brain_Cerebellum	2468	4.24729464972766e-12	0.00193910064360768	2.18580928625863e-09	0.997930209289722	0.000130687876612825	G6_NEURODEGENERATIVE	1	207518704
ENSG00000117335.19	Brain_Cerebellum	2468	3.79294011113138e-51	1.73166526394203e-42	2.19034254581027e-09	0.999999997780762	2.8898885276711e-11	G6_NEURODEGENERATIVE	1	207518704
ENSG00000196352.14	Brain_Cerebellar_Hemisphere	2466	1.11548914966919e-10	0.0509276117159245	2.07026902008912e-09	0.945176582499333	0.00389580360292483	G6_NEURODEGENERATIVE	1	207518704
ENSG00000117335.19	Brain_Cerebellar_Hemisphere	2466	4.02821533683747e-31	1.83908007212287e-22	2.19034254626271e-09	0.999999997794831	1.48339297856346e-11	G6_NEURODEGENERATIVE	1	207518704
ENSG00000284237.1	Brain_Cerebellar_Hemisphere	2466	9.42823019574296e-10	0.430445465757821	1.13160434220179e-09	0.516580527744993	0.0529740044227592	G6_NEURODEGENERATIVE	1	207518704
ENSG00000117335.19	Brain_Frontal_Cortex_BA9	2466	2.30795256451222e-16	1.05369480395241e-07	2.19034226859728e-09	0.99999987120058	2.12395964660945e-08	G6_NEURODEGENERATIVE	1	207518704
ENSG00000203710.10	Brain_Nucleus_accumbens_basal_ganglia	2456	8.86141800463081e-11	0.0404567678325554	8.1217582674157e-11	0.0361564675484005	0.923386764449213	G6_NEURODEGENERATIVE	1	207518704
ENSG00000117335.19	Brain_Nucleus_accumbens_basal_ganglia	2456	2.18799801077855e-24	9.98929601265871e-16	2.19034254581284e-09	0.999999997781487	2.81663822669532e-11	G6_NEURODEGENERATIVE	1	207518704
ENSG00000196352.14	Brain_Cortex	2464	3.51441487837836e-07	0.114140872319229	2.68000921822469e-06	0.870395690747191	0.0154604054828738	G6_ALZHEIMER	1	207518704
ENSG00000203710.10	Brain_Cortex	2464	2.58405425499734e-10	8.3924697849477e-05	6.42077056181338e-08	0.0198732821703333	0.980042728665705	G6_ALZHEIMER	1	207518704
ENSG00000117335.19	Brain_Cortex	2464	1.7773422455404e-34	5.77243727153253e-29	3.07900566541567e-06	0.999996883337016	3.76573254168234e-08	G6_ALZHEIMER	1	207518704
ENSG00000284237.1	Brain_Cortex	2464	1.6393404420931e-07	0.0532423616915247	2.90370356614297e-06	0.943058718420658	0.00369585225020643	G6_ALZHEIMER	1	207518704
ENSG00000196352.14	Brain_Hippocampus	2455	6.75745062851935e-07	0.21946791883687	2.35410440745375e-06	0.764548088285349	0.0159809630283124	G6_ALZHEIMER	1	207518704
ENSG00000203710.10	Brain_Hippocampus	2455	1.12799096478557e-07	0.036634796629291	9.11735196556327e-07	0.295444678457862	0.667919500378554	G6_ALZHEIMER	1	207518704
ENSG00000117335.19	Brain_Hippocampus	2455	4.31867602322754e-19	1.40261600276925e-13	3.07900562098868e-06	0.999996881733695	3.92605440479949e-08	G6_ALZHEIMER	1	207518704
ENSG00000117335.19	Brain_Anterior_cingulate_cortex_BA24	2463	3.266606217763e-07	0.106092565000965	2.69763642591754e-06	0.876118328241159	0.0177860824608289	G6_ALZHEIMER	1	207518704
ENSG00000117335.19	Brain_Amygdala	2441	2.03049027887405e-08	0.00659460924322829	3.05471258586076e-06	0.992105686778701	0.00129662896058119	G6_ALZHEIMER	1	207518704
ENSG00000117322.17	Brain_Hypothalamus	2464	5.8105869683515e-09	0.00188715759935608	3.07277605261204e-06	0.997973512605701	0.000136251208302351	G6_ALZHEIMER	1	207518704
ENSG00000117335.19	Brain_Hypothalamus	2464	3.13293854295698e-09	0.00101751317239714	3.07564686973275e-06	0.998905957000918	7.34510468773638e-05	G6_ALZHEIMER	1	207518704
ENSG00000117335.19	Brain_Substantia_nigra	2434	1.49414852936119e-08	0.00485268308965371	3.06272920467172e-06	0.99471019395723	0.000434045282426123	G6_ALZHEIMER	1	207518704
ENSG00000196352.14	Brain_Caudate_basal_ganglia	2485	1.80354675391303e-06	0.585754412959029	1.15023161365641e-06	0.373530553629134	0.0407120796334693	G6_ALZHEIMER	1	207518704
ENSG00000203710.10	Brain_Caudate_basal_ganglia	2485	2.61513346460184e-10	8.49340869064731e-05	5.93995869563839e-08	0.0183101435281378	0.981604862723855	G6_ALZHEIMER	1	207518704
ENSG00000117335.19	Brain_Caudate_basal_ganglia	2485	1.54310618189365e-18	5.01168740842166e-13	3.07900562341181e-06	0.999996882507602	3.848627236757e-08	G6_ALZHEIMER	1	207518704
ENSG00000284237.1	Brain_Caudate_basal_ganglia	2485	8.81349330306349e-08	0.0286243901615164	2.98453077710001e-06	0.969311359450506	0.00206117772226793	G6_ALZHEIMER	1	207518704
ENSG00000203710.10	Brain_Putamen_basal_ganglia	2472	2.72592221123506e-08	0.00885322728308438	8.9668373792775e-08	0.0281594319714212	0.9629872238179	G6_ALZHEIMER	1	207518704
ENSG00000117335.19	Brain_Putamen_basal_ganglia	2472	1.93878829968892e-17	6.29678037039576e-12	3.07900567692868e-06	0.999996879965551	4.10224724125205e-08	G6_ALZHEIMER	1	207518704
ENSG00000196352.14	Brain_Cerebellum	2468	5.97049986780903e-09	0.00193909397719453	3.07263214137963e-06	0.997926778154401	0.000131049265761801	G6_ALZHEIMER	1	207518704
ENSG00000117335.19	Brain_Cerebellum	2468	5.33180709239162e-48	1.73165986924537e-42	3.07900562053293e-06	0.999996882419182	3.85752040911234e-08	G6_ALZHEIMER	1	207518704
ENSG00000196352.14	Brain_Cerebellar_Hemisphere	2466	1.56804585304429e-07	0.0509268617070981	2.91018227528212e-06	0.945162651249156	0.00390742005688441	G6_ALZHEIMER	1	207518704
ENSG00000117335.19	Brain_Cerebellar_Hemisphere	2466	5.66253809167205e-28	1.83907437238452e-22	3.07900572955963e-06	0.999996898539009	2.24552628650799e-08	G6_ALZHEIMER	1	207518704
ENSG00000284237.1	Brain_Cerebellar_Hemisphere	2466	1.32811788863468e-06	0.431345014011596	1.59404674953044e-06	0.517662176538169	0.0509898872855981	G6_ALZHEIMER	1	207518704
ENSG00000117335.19	Brain_Frontal_Cortex_BA9	2466	3.24433221575265e-13	1.05369151898776e-07	3.07900521648579e-06	0.999996753592716	6.20325926516847e-08	G6_ALZHEIMER	1	207518704
ENSG00000203710.10	Brain_Nucleus_accumbens_basal_ganglia	2456	1.08173663891337e-07	0.0351325524773939	9.91444426351397e-08	0.031266448725379	0.93360079147912	G6_ALZHEIMER	1	207518704
ENSG00000117335.19	Brain_Nucleus_accumbens_basal_ganglia	2456	3.0757098688231e-21	9.98926489909897e-16	3.07900562572382e-06	0.999996883053638	3.79407328349971e-08	G6_ALZHEIMER	1	207518704
ENSG00000196352.14	Brain_Cortex	2464	1.06172569875072e-06	0.114136668874994	8.09646771467954e-06	0.870363606119652	0.0154905668119412	G6_AD_WIDE	1	207518704
ENSG00000203710.10	Brain_Cortex	2464	9.29954770042849e-10	9.9971150535391e-05	2.31072014055495e-07	0.0238644578180662	0.976035339029431	G6_AD_WIDE	1	207518704
ENSG00000117335.19	Brain_Cortex	2464	5.36962084902217e-34	5.77240088989316e-29	9.30214372429237e-06	0.999990580629227	1.17227050275162e-07	G6_AD_WIDE	1	207518704
ENSG00000284237.1	Brain_Cortex	2464	4.95268876249586e-07	0.0532419435632982	8.7725158560071e-06	0.943051310643066	0.00369747800890457	G6_AD_WIDE	1	207518704
ENSG00000196352.14	Brain_Hippocampus	2455	2.04157764264287e-06	0.219471828184521	7.11227827018205e-06	0.764561731021412	0.015957286938153	G6_AD_WIDE	1	207518704
ENSG00000203710.10	Brain_Hippocampus	2455	3.48486601042904e-07	0.0374626905346039	2.81675571541036e-06	0.302143928119807	0.660390216103274	G6_AD_WIDE	1	207518704
ENSG00000117335.19	Brain_Hippocampus	2455	1.30473757815452e-18	1.40260715829512e-13	9.3021433315357e-06	0.999990575971876	1.21884653142027e-07	G6_AD_WIDE	1	207518704
ENSG00000117335.19	Brain_Anterior_cingulate_cortex_BA24	2463	9.87336576612043e-07	0.106139761566151	8.15364612736621e-06	0.87650853154184	0.0173425659093061	G6_AD_WIDE	1	207518704
ENSG00000117335.19	Brain_Amygdala	2441	6.134625819952e-08	0.00659478885513684	9.22906102862271e-06	0.992132741424335	0.00126317931324203	G6_AD_WIDE	1	207518704
ENSG00000117322.17	Brain_Hypothalamus	2464	1.75546622268198e-08	0.00188714538599886	9.2833212885494e-06	0.997967053644166	0.000136500093882625	G6_AD_WIDE	1	207518704
ENSG00000117335.19	Brain_Hypothalamus	2464	9.46507964790783e-09	0.00101750641253419	9.29199286602748e-06	0.998899320334025	7.38717954933788e-05	G6_AD_WIDE	1	207518704
ENSG00000117335.19	Brain_Substantia_nigra	2434	4.51403990270216e-08	0.00485264206050841	9.25295013807645e-06	0.994701781505299	0.000436278343655109	G6_AD_WIDE	1	207518704
ENSG00000196352.14	Brain_Caudate_basal_ganglia	2485	5.44844579210295e-06	0.585713826333902	3.47480573030505e-06	0.373504608504001	0.0407726419105743	G6_AD_WIDE	1	207518704
ENSG00000203710.10	Brain_Caudate_basal_ganglia	2485	8.5826236623315e-10	9.2264134343306e-05	1.9494389385675e-07	0.0199767490307181	0.979930791032783	G6_AD_WIDE	1	207518704
ENSG00000117335.19	Brain_Caudate_basal_ganglia	2485	4.66195841990876e-18	5.01165581621835e-13	9.30214418128768e-06	0.999990578740757	1.19114563743665e-07	G6_AD_WIDE	1	207518704
ENSG00000284237.1	Brain_Caudate_basal_ganglia	2485	2.6627365341338e-07	0.0286247062637034	9.01687771711205e-06	0.969322080929844	0.00204392965508258	G6_AD_WIDE	1	207518704
ENSG00000203710.10	Brain_Putamen_basal_ganglia	2472	8.03091656669148e-08	0.0086333217435054	2.64174533533153e-07	0.0274351154595151	0.963931218313279	G6_AD_WIDE	1	207518704
ENSG00000117335.19	Brain_Putamen_basal_ganglia	2472	5.85737453265379e-17	6.29674066374313e-12	9.3021447678595e-06	0.999990574036525	1.23812408531962e-07	G6_AD_WIDE	1	207518704
ENSG00000196352.14	Brain_Cerebellum	2468	1.80377785907659e-08	0.00193908092181152	9.28288409416129e-06	0.997920058878733	0.000131559277583285	G6_AD_WIDE	1	207518704
ENSG00000117335.19	Brain_Cerebellum	2468	1.61081985097824e-47	1.73164895321768e-42	9.30214332379999e-06	0.99999057856377	1.19292904262238e-07	G6_AD_WIDE	1	207518704
ENSG00000196352.14	Brain_Cerebellar_Hemisphere	2466	4.73727118354334e-07	0.0509261752849237	8.79204049089959e-06	0.945149904504371	0.00391465444309546	G6_AD_WIDE	1	207518704
ENSG00000117335.19	Brain_Cerebellar_Hemisphere	2466	1.71073899057654e-27	1.83906283439088e-22	9.30214520148308e-06	0.999990624702968	7.3151827329303e-08	G6_AD_WIDE	1	207518704
ENSG00000284237.1	Brain_Cerebellar_Hemisphere	2466	4.02082973511539e-06	0.43224352575096	4.8259199160889e-06	0.518742582000447	0.0490050454989419	G6_AD_WIDE	1	207518704
ENSG00000117335.19	Brain_Frontal_Cortex_BA9	2466	9.80162004243245e-13	1.05368487489331e-07	9.30214208462615e-06	0.999990447990303	1.44498143341657e-07	G6_AD_WIDE	1	207518704
ENSG00000203710.10	Brain_Nucleus_accumbens_basal_ganglia	2456	3.45791253309601e-07	0.0371729374943644	3.16928167579913e-07	0.033140438285116	0.929685961501099	G6_AD_WIDE	1	207518704
ENSG00000117335.19	Brain_Nucleus_accumbens_basal_ganglia	2456	9.2921864378288e-21	9.98920193421213e-16	9.30214341975535e-06	0.999990579737809	1.18118768515476e-07	G6_AD_WIDE	1	207518704
ENSG00000267508.5	Brain_Cortex	3157	0.000874348017774035	0.434509632834802	0.00102312031968652	0.508387228481433	0.0552056703463052	M13_ARTHROSIS_INCLAVO	19	44888997
ENSG00000278318.4	Brain_Cortex	3157	0.000188663865311322	0.0937570225804557	0.00180348669659525	0.896239622953336	0.00801120390430187	M13_ARTHROSIS_INCLAVO	19	44888997
ENSG00000167384.10	Brain_Cortex	3157	1.39153524358685e-07	6.91527235696062e-05	0.00200805182577553	0.997906817360369	1.58389367615998e-05	M13_ARTHROSIS_INCLAVO	19	44888997
ENSG00000073008.14	Brain_Cortex	3157	0.000232708480912856	0.115645114466447	0.00175543829251073	0.872359841764475	0.0100068969956539	M13_ARTHROSIS_INCLAVO	19	44888997
ENSG00000266903.1	Brain_Cortex	3157	1.29169935037119e-38	6.41913516189601e-36	0.00200821030927327	0.997985585802003	6.20388872981745e-06	M13_ARTHROSIS_INCLAVO	19	44888997
ENSG00000234906.9	Brain_Cortex	3157	4.78491200441935e-05	0.023778750748245	0.00195693481504979	0.972502381177243	0.00171408413941817	M13_ARTHROSIS_INCLAVO	19	44888997
ENSG00000142252.10	Brain_Cortex	3157	1.70666674518799e-10	8.48132695160579e-08	0.00200820241990255	0.997981661310291	1.00512858694664e-05	M13_ARTHROSIS_INCLAVO	19	44888997
ENSG00000189114.6	Brain_Cortex	3157	0.000253223504960664	0.125840111636229	0.00173085228182734	0.860139727491557	0.0120360850854259	M13_ARTHROSIS_INCLAVO	19	44888997
ENSG00000104892.16	Brain_Cortex	3157	2.46528164305947e-06	0.00122512843831595	0.00200554447536099	0.996660692400826	0.000106169403854203	M13_ARTHROSIS_INCLAVO	19	44888997
ENSG00000266903.1	Brain_Hippocampus	3160	5.59825357525737e-24	2.7827324175733e-21	0.00200773134451949	0.997986066251548	6.20240392957643e-06	M13_ARTHROSIS_INCLAVO	19	44888997
ENSG00000167384.10	Brain_Anterior_cingulate_cortex_BA24	3172	0.000134658755408187	0.0669351981890019	0.00185542159800396	0.922270716625573	0.00880400483201365	M13_ARTHROSIS_INCLAVO	19	44888997
ENSG00000073008.14	Brain_Anterior_cingulate_cortex_BA24	3172	0.000789972870770465	0.392673989215714	0.00114216057488371	0.567699205998521	0.0376946713401117	M13_ARTHROSIS_INCLAVO	19	44888997
ENSG00000266903.1	Brain_Anterior_cingulate_cortex_BA24	3172	2.08685227555804e-15	1.03731740451802e-12	0.00200772637920578	0.997986071227626	6.20239212807283e-06	M13_ARTHROSIS_INCLAVO	19	44888997
ENSG00000234906.9	Brain_Anterior_cingulate_cortex_BA24	3172	0.00122473315901678	0.608781482339813	0.000660614785604939	0.328312589193411	0.0610205805221541	M13_ARTHROSIS_INCLAVO	19	44888997
ENSG00000142252.10	Brain_Anterior_cingulate_cortex_BA24	3172	2.34115958431449e-07	0.000116372663844363	0.00200745333394336	0.997850328458472	2.56114277815609e-05	M13_ARTHROSIS_INCLAVO	19	44888997
ENSG00000104892.16	Brain_Anterior_cingulate_cortex_BA24	3172	0.000144822653246964	0.0719873948630992	0.00185105456718945	0.92010287475034	0.00591385316612324	M13_ARTHROSIS_INCLAVO	19	44888997
ENSG00000266903.1	Brain_Amygdala	3150	1.70957421995206e-06	0.000849767386557324	0.00200566730689245	0.996944330580609	0.000198525151721347	M13_ARTHROSIS_INCLAVO	19	44888997
ENSG00000167384.10	Brain_Hypothalamus	3164	6.14814923298282e-06	0.00305601411035943	0.00200113831878565	0.994690465921334	0.000246233500288524	M13_ARTHROSIS_INCLAVO	19	44888997
ENSG00000266903.1	Brain_Hypothalamus	3164	2.07247009829225e-12	1.03014706111913e-09	0.00200776791306565	0.997986028316261	6.20273845303125e-06	M13_ARTHROSIS_INCLAVO	19	44888997
ENSG00000142252.10	Brain_Hypothalamus	3164	1.01589677207536e-08	5.04964136764241e-06	0.00200774917914935	0.997976712113786	1.04789067284705e-05	M13_ARTHROSIS_INCLAVO	19	44888997
ENSG00000266903.1	Brain_Substantia_nigra	3148	5.00272288446593e-10	2.48666698428958e-07	0.00200776630902982	0.997985752350655	6.23217334525596e-06	M13_ARTHROSIS_INCLAVO	19	44888997
ENSG00000142252.10	Brain_Substantia_nigra	3148	0.000500229258341798	0.248645309768544	0.00146233837585757	0.7268513323151	0.0225407902821568	M13_ARTHROSIS_INCLAVO	19	44888997
ENSG00000167384.10	Brain_Caudate_basal_ganglia	3188	1.8801564280718e-10	9.34574550383926e-08	0.00200772312863795	0.997984474980004	7.7082458858926e-06	M13_ARTHROSIS_INCLAVO	19	44888997
ENSG00000266903.1	Brain_Caudate_basal_ganglia	3188	1.21804268566888e-32	6.05455843094327e-30	0.00200772633698821	0.997986071269392	6.20239361236146e-06	M13_ARTHROSIS_INCLAVO	19	44888997
ENSG00000234906.9	Brain_Caudate_basal_ganglia	3188	9.68798550468947e-21	4.81563372174125e-18	0.00200768621149293	0.997966105973162	2.62078153428268e-05	M13_ARTHROSIS_INCLAVO	19	44888997
ENSG00000142252.10	Brain_Caudate_basal_ganglia	3188	2.6345698357051e-09	1.30957290728424e-06	0.00200771576442312	0.99798081197759	1.01600505084112e-05	M13_ARTHROSIS_INCLAVO	19	44888997
ENSG00000104892.16	Brain_Caudate_basal_ganglia	3188	7.21289308937895e-10	3.58533269643255e-07	0.00200769783198306	0.997971888355552	2.00545579064326e-05	M13_ARTHROSIS_INCLAVO	19	44888997
ENSG00000266903.1	Brain_Putamen_basal_ganglia	3153	6.09088191572058e-28	3.0276043877138e-25	0.00200773104548074	0.997986066546396	6.20240811979589e-06	M13_ARTHROSIS_INCLAVO	19	44888997
ENSG00000234906.9	Brain_Putamen_basal_ganglia	3153	1.36872434410122e-18	6.80353992592764e-16	0.00200770981130539	0.997975501054266	1.67891344301527e-05	M13_ARTHROSIS_INCLAVO	19	44888997
ENSG00000142252.10	Brain_Putamen_basal_ganglia	3153	5.8670503539618e-09	2.91634407633907e-06	0.00200771697535653	0.997979068597504	1.02922160128607e-05	M13_ARTHROSIS_INCLAVO	19	44888997
ENSG00000104866.10	Brain_Putamen_basal_ganglia	3153	0.00100717502294425	0.500638094918805	0.000917957411675628	0.456249367193934	0.0411874054526408	M13_ARTHROSIS_INCLAVO	19	44888997
ENSG00000104892.16	Brain_Putamen_basal_ganglia	3153	7.8987252129899e-08	3.92623193867395e-05	0.00200762212857602	0.997931912124825	2.11244399607517e-05	M13_ARTHROSIS_INCLAVO	19	44888997
ENSG00000267508.5	Brain_Cerebellum	3154	2.40719297624643e-08	1.19654795297276e-05	0.00200770198689495	0.997972205302194	8.10315945292058e-06	M13_ARTHROSIS_INCLAVO	19	44888997
ENSG00000278318.4	Brain_Cerebellum	3154	0.000582012650281668	0.289302125824867	0.00136041484092784	0.676191406854361	0.0325640398295625	M13_ARTHROSIS_INCLAVO	19	44888997
ENSG00000176761.7	Brain_Cerebellum	3154	0.000254169060591512	0.126340294343169	0.00173531578779845	0.862567589033922	0.00910263177452021	M13_ARTHROSIS_INCLAVO	19	44888997
ENSG00000167384.10	Brain_Cerebellum	3154	4.00319516026378e-06	0.00198987576884393	0.0020034309625815	0.995849053657772	0.000153636415642451	M13_ARTHROSIS_INCLAVO	19	44888997
ENSG00000073008.14	Brain_Cerebellum	3154	2.51331002976725e-08	1.24929575691652e-05	0.00200765582239881	0.99794923574185	3.05903450820947e-05	M13_ARTHROSIS_INCLAVO	19	44888997
ENSG00000186567.12	Brain_Cerebellum	3154	1.72466210527871e-07	8.57281045601418e-05	0.00200750102133124	0.997872284759915	3.43136479825303e-05	M13_ARTHROSIS_INCLAVO	19	44888997
ENSG00000266903.1	Brain_Cerebellum	3154	1.74123654299539e-37	8.65519732618723e-35	0.00200772987123452	0.997986067724231	6.20240453125801e-06	M13_ARTHROSIS_INCLAVO	19	44888997
ENSG00000234906.9	Brain_Cerebellum	3154	1.85784078332849e-06	0.000923480422291429	0.00200568672169424	0.996970383139121	9.85918761107966e-05	M13_ARTHROSIS_INCLAVO	19	44888997
ENSG00000142252.10	Brain_Cerebellum	3154	5.50055058232217e-08	2.73416905268791e-05	0.00200765889169422	0.997950777826066	1.41665862050216e-05	M13_ARTHROSIS_INCLAVO	19	44888997
ENSG00000104866.10	Brain_Cerebellum	3154	0.000721128380232711	0.358452644101466	0.00110507418164387	0.549210797423267	0.0905103559133908	M13_ARTHROSIS_INCLAVO	19	44888997
ENSG00000267508.5	Brain_Cerebellar_Hemisphere	3144	1.48541451351514e-11	7.38343979583677e-09	0.00200776580028135	0.997985254086623	6.97271480124366e-06	M13_ARTHROSIS_INCLAVO	19	44888997
ENSG00000167384.10	Brain_Cerebellar_Hemisphere	3144	1.20106465387057e-10	5.97004302979059e-08	0.00200776512147443	0.997984916391144	7.25866684444815e-06	M13_ARTHROSIS_INCLAVO	19	44888997
ENSG00000186567.12	Brain_Cerebellar_Hemisphere	3144	5.39751246042802e-07	0.000268290150232484	0.00200711260111447	0.997660516651337	6.3540846070259e-05	M13_ARTHROSIS_INCLAVO	19	44888997
ENSG00000266903.1	Brain_Cerebellar_Hemisphere	3144	2.31839786818585e-17	1.15238884007121e-14	0.00200776742573878	0.99798606284367	6.16973057909189e-06	M13_ARTHROSIS_INCLAVO	19	44888997
ENSG00000142252.10	Brain_Cerebellar_Hemisphere	3144	4.00429453673157e-07	0.00019903849981101	0.0020073321262345	0.997769674361476	2.35545830243085e-05	M13_ARTHROSIS_INCLAVO	19	44888997
ENSG00000189114.6	Brain_Cerebellar_Hemisphere	3144	0.00133194337765016	0.662059219892168	0.000560525460960292	0.278558745658873	0.0574895656103488	M13_ARTHROSIS_INCLAVO	19	44888997
ENSG00000167384.10	Brain_Frontal_Cortex_BA9	3164	4.27493066701959e-10	2.12491726852698e-07	0.00200775726318291	0.997985320271733	6.70954586454064e-06	M13_ARTHROSIS_INCLAVO	19	44888997
ENSG00000266903.1	Brain_Frontal_Cortex_BA9	3164	7.34501947839045e-30	3.65095014235171e-27	0.00200775870766545	0.997986038780091	6.20251223713082e-06	M13_ARTHROSIS_INCLAVO	19	44888997
ENSG00000234906.9	Brain_Frontal_Cortex_BA9	3164	0.000463930560038929	0.230603519731796	0.00150657539804769	0.748846918189798	0.018579056120319	M13_ARTHROSIS_INCLAVO	19	44888997
ENSG00000104856.13	Brain_Frontal_Cortex_BA9	3164	0.00111300859784265	0.553237320974782	0.00081371797482711	0.40443010165018	0.0404058508023679	M13_ARTHROSIS_INCLAVO	19	44888997
ENSG00000142252.10	Brain_Frontal_Cortex_BA9	3164	8.99025929108533e-15	4.46874082977374e-12	0.00200775100711963	0.997982207271143	1.00417172590104e-05	M13_ARTHROSIS_INCLAVO	19	44888997
ENSG00000189114.6	Brain_Frontal_Cortex_BA9	3164	0.000930920422479025	0.462727710793315	0.00100974853166064	0.50187692910728	0.0334546911452651	M13_ARTHROSIS_INCLAVO	19	44888997
ENSG00000104892.16	Brain_Frontal_Cortex_BA9	3164	0.000766184701803933	0.380843393860103	0.00117940712020469	0.586210684402217	0.0310003299156717	M13_ARTHROSIS_INCLAVO	19	44888997
ENSG00000278318.4	Brain_Nucleus_accumbens_basal_ganglia	3147	0.000409302849805142	0.203452456130646	0.00156549911802319	0.778147324930254	0.0164254169712716	M13_ARTHROSIS_INCLAVO	19	44888997
ENSG00000167384.10	Brain_Nucleus_accumbens_basal_ganglia	3147	1.07208097372142e-09	5.32900045475855e-07	0.00200772391607379	0.997980731493167	1.10106186320815e-05	M13_ARTHROSIS_INCLAVO	19	44888997
ENSG00000073008.14	Brain_Nucleus_accumbens_basal_ganglia	3147	0.000616654943960916	0.306521107765759	0.00134704799156853	0.66955613584851	0.0219590534502022	M13_ARTHROSIS_INCLAVO	19	44888997
ENSG00000266903.1	Brain_Nucleus_accumbens_basal_ganglia	3147	4.63798661737026e-27	2.30540727789771e-24	0.00200773463214935	0.997986062948611	6.2024192368644e-06	M13_ARTHROSIS_INCLAVO	19	44888997
ENSG00000234906.9	Brain_Nucleus_accumbens_basal_ganglia	3147	1.62420015132149e-19	8.07342314355841e-17	0.00200770999447606	0.997973803999383	1.8486006142218e-05	M13_ARTHROSIS_INCLAVO	19	44888997
ENSG00000142252.10	Brain_Nucleus_accumbens_basal_ganglia	3147	7.6243587821098e-07	0.00037898453953594	0.00200672289365437	0.997483033086952	0.000130497043979046	M13_ARTHROSIS_INCLAVO	19	44888997
ENSG00000104866.10	Brain_Nucleus_accumbens_basal_ganglia	3147	0.00090153651885061	0.448127393051258	0.001021978998788	0.507953826206195	0.0419952652249083	M13_ARTHROSIS_INCLAVO	19	44888997
ENSG00000104892.16	Brain_Nucleus_accumbens_basal_ganglia	3147	4.03082066776501e-08	2.00360287124651e-05	0.00200767020347867	0.99795402531812	1.82281414810157e-05	M13_ARTHROSIS_INCLAVO	19	44888997
ENSG00000267508.5	Brain_Cortex	3157	0.00143988024154883	0.434123963815064	0.00168487913633546	0.507936327722933	0.054814949084119	M13_ARTHROSIS	19	44888997
ENSG00000278318.4	Brain_Cortex	3157	0.000310778910708012	0.0936998569002966	0.00297081600718497	0.895693847931365	0.0073247002504464	M13_ARTHROSIS	19	44888997
ENSG00000167384.10	Brain_Cortex	3157	2.29061254640019e-07	6.9061979567003e-05	0.00330546331984164	0.996597325976514	2.79196628228752e-05	M13_ARTHROSIS	19	44888997
ENSG00000073008.14	Brain_Cortex	3157	0.000383133860368938	0.115514877790265	0.0028901733491224	0.871377573007963	0.00983424199228015	M13_ARTHROSIS	19	44888997
ENSG00000266903.1	Brain_Cortex	3157	2.12625959557061e-38	6.41067372892084e-36	0.00330570456568635	0.996670065300127	2.42301341889665e-05	M13_ARTHROSIS	19	44888997
ENSG00000234906.9	Brain_Cortex	3157	7.87678322399493e-05	0.023748505303708	0.00322144927793846	0.971265430273047	0.00168584731306687	M13_ARTHROSIS	19	44888997
ENSG00000142252.10	Brain_Cortex	3157	2.8093562146999e-10	8.47021037237172e-08	0.00330571622411681	0.99667358393275	2.06148600935212e-05	M13_ARTHROSIS	19	44888997
ENSG00000189114.6	Brain_Cortex	3157	0.000417556845213016	0.125893409417856	0.00285411584695443	0.860505739390125	0.0103291784998513	M13_ARTHROSIS	19	44888997
ENSG00000104892.16	Brain_Cortex	3157	4.05814971406308e-06	0.00122353233886242	0.00330136711241095	0.995362238349826	0.000108804049185394	M13_ARTHROSIS	19	44888997
ENSG00000266903.1	Brain_Hippocampus	3160	9.21398315125359e-24	2.77906649532079e-21	0.00330445960190287	0.996671319109745	2.42212883514122e-05	M13_ARTHROSIS	19	44888997
ENSG00000167384.10	Brain_Anterior_cingulate_cortex_BA24	3172	0.000221884606977196	0.066923681175696	0.00305727979441194	0.922113147237094	0.00768400718582142	M13_ARTHROSIS	19	44888997
ENSG00000073008.14	Brain_Anterior_cingulate_cortex_BA24	3172	0.00129902392709576	0.391804840907653	0.00187815806119055	0.566441690176972	0.038576286927089	M13_ARTHROSIS	19	44888997
ENSG00000266903.1	Brain_Anterior_cingulate_cortex_BA24	3172	3.43468181172758e-15	1.03595086490899e-12	0.00330445109045379	0.996671327843196	2.42210653138433e-05	M13_ARTHROSIS	19	44888997
ENSG00000234906.9	Brain_Anterior_cingulate_cortex_BA24	3172	0.00201568675589865	0.607960956100473	0.00108725109979361	0.327869955977985	0.0610661500658496	M13_ARTHROSIS	19	44888997
ENSG00000142252.10	Brain_Anterior_cingulate_cortex_BA24	3172	3.85326431565641e-07	0.000116220154277389	0.00330402435991751	0.99654260705616	3.67631032133841e-05	M13_ARTHROSIS	19	44888997
ENSG00000104892.16	Brain_Anterior_cingulate_cortex_BA24	3172	0.000238399588404255	0.0719048439823642	0.00304711063523504	0.919047900596058	0.0057617451979393	M13_ARTHROSIS	19	44888997
ENSG00000266903.1	Brain_Amygdala	3150	2.81367907196611e-06	0.000848643530576172	0.0033009997816229	0.995625802925952	0.000221740082777003	M13_ARTHROSIS	19	44888997
ENSG00000167384.10	Brain_Hypothalamus	3164	1.01195858605564e-05	0.00305202347896253	0.00329378651499911	0.993391563817659	0.000252506602518554	M13_ARTHROSIS	19	44888997
ENSG00000266903.1	Brain_Hypothalamus	3164	3.41115548200286e-12	1.02878979089882e-09	0.00330465975305838	0.99667111383264	2.4225382101542e-05	M13_ARTHROSIS	19	44888997
ENSG00000142252.10	Brain_Hypothalamus	3164	1.67211481312351e-08	5.04302620630504e-06	0.00330465381500706	0.996669326207112	2.09602305253002e-05	M13_ARTHROSIS	19	44888997
ENSG00000266903.1	Brain_Substantia_nigra	3148	8.23422992914164e-10	2.48339033888495e-07	0.00330468223292375	0.996670702702693	2.43659019267522e-05	M13_ARTHROSIS	19	44888997
ENSG00000142252.10	Brain_Substantia_nigra	3148	0.000823764299019077	0.248441969596004	0.00240814012181173	0.726257372633575	0.022068753349591	M13_ARTHROSIS	19	44888997
ENSG00000167384.10	Brain_Caudate_basal_ganglia	3188	3.09451629656797e-10	9.3335387813408e-08	0.00330447607858792	0.996680974612631	1.44556639429531e-05	M13_ARTHROSIS	19	44888997
ENSG00000266903.1	Brain_Caudate_basal_ganglia	3188	2.00473239505381e-32	6.0465823289401e-30	0.00330444415086546	0.996671334953518	2.42208956101907e-05	M13_ARTHROSIS	19	44888997
ENSG00000234906.9	Brain_Caudate_basal_ganglia	3188	1.59456616071664e-20	4.80945765804128e-18	0.00330449348074931	0.996686228550801	9.27796845200032e-06	M13_ARTHROSIS	19	44888997
ENSG00000142252.10	Brain_Caudate_basal_ganglia	3188	4.33617556795964e-09	1.30785747908776e-06	0.00330445142395285	0.996673532145591	2.07042367999479e-05	M13_ARTHROSIS	19	44888997
ENSG00000104892.16	Brain_Caudate_basal_ganglia	3188	1.18716111217432e-09	3.58066114968196e-07	0.00330444491772191	0.996671566841159	2.36289878447224e-05	M13_ARTHROSIS	19	44888997
ENSG00000266903.1	Brain_Putamen_basal_ganglia	3153	1.00248805211247e-27	3.02361577978653e-25	0.00330449089770543	0.996671287861594	2.42212406992578e-05	M13_ARTHROSIS	19	44888997
ENSG00000234906.9	Brain_Putamen_basal_ganglia	3153	2.2528174541891e-18	6.79474871457167e-16	0.00330453953372587	0.996685971760369	9.48870590564706e-06	M13_ARTHROSIS	19	44888997
ENSG00000142252.10	Brain_Putamen_basal_ganglia	3153	9.65655199320081e-09	2.9125237875349e-06	0.0033044924093877	0.996671747184844	2.0838225429218e-05	M13_ARTHROSIS	19	44888997
ENSG00000104866.10	Brain_Putamen_basal_ganglia	3153	0.00165936110309451	0.500481816726693	0.00151237152285514	0.456107881277901	0.0402385693694565	M13_ARTHROSIS	19	44888997
ENSG00000104892.16	Brain_Putamen_basal_ganglia	3153	1.30005623110781e-07	3.92111459752974e-05	0.00330435809271204	0.996631231546358	2.50692093320959e-05	M13_ARTHROSIS	19	44888997
ENSG00000267508.5	Brain_Cerebellum	3154	3.96198486878538e-08	1.1949868447252e-05	0.00330446498124618	0.996670168923928	1.33766065286029e-05	M13_ARTHROSIS	19	44888997
ENSG00000278318.4	Brain_Cerebellum	3154	0.000957656018296117	0.288841674447538	0.0022384555716502	0.67511484986673	0.0328473640957869	M13_ARTHROSIS	19	44888997
ENSG00000176761.7	Brain_Cerebellum	3154	0.000418346013605459	0.126178670378167	0.00285621877219285	0.861464136342681	0.00908262849335392	M13_ARTHROSIS	19	44888997
ENSG00000167384.10	Brain_Cerebellum	3154	6.58878520281809e-06	0.00198726443962959	0.00329741013182451	0.99454218019458	0.000166556448762948	M13_ARTHROSIS	19	44888997
ENSG00000073008.14	Brain_Cerebellum	3154	4.13663766979648e-08	1.24766443096411e-05	0.00330438529451547	0.996646110746551	3.69859482483477e-05	M13_ARTHROSIS	19	44888997
ENSG00000186567.12	Brain_Cerebellum	3154	2.83850536657643e-07	8.5613062242224e-05	0.00330401091611828	0.996533153335771	7.69388353325157e-05	M13_ARTHROSIS	19	44888997
ENSG00000266903.1	Brain_Cerebellum	3154	2.86585457220452e-37	8.64379503228612e-35	0.0033044688008505	0.996671310122462	2.42210766913167e-05	M13_ARTHROSIS	19	44888997
ENSG00000234906.9	Brain_Cerebellum	3154	3.0578846470859e-06	0.000922298304252499	0.00330122941005995	0.995694212192443	7.92022085979681e-05	M13_ARTHROSIS	19	44888997
ENSG00000142252.10	Brain_Cerebellum	3154	9.05327437968643e-08	2.73058685070891e-05	0.00330437590479382	0.996643290731755	2.4936962201241e-05	M13_ARTHROSIS	19	44888997
ENSG00000104866.10	Brain_Cerebellum	3154	0.00117757780757531	0.355172984071552	0.00180454807729011	0.544177812120696	0.0976670779228868	M13_ARTHROSIS	19	44888997
ENSG00000267508.5	Brain_Cerebellar_Hemisphere	3144	2.44491889952755e-11	7.37380486616871e-09	0.00330468330978973	0.99668294000115	1.23692908076177e-05	M13_ARTHROSIS	19	44888997
ENSG00000167384.10	Brain_Cerebellar_Hemisphere	3144	1.97689089259267e-10	5.96224589964981e-08	0.00330467853692723	0.99668149912636	1.37625165656877e-05	M13_ARTHROSIS	19	44888997
ENSG00000186567.12	Brain_Cerebellar_Hemisphere	3144	8.88370129086716e-07	0.000267929868024842	0.00330348265727254	0.996320732068052	0.000106967036520483	M13_ARTHROSIS	19	44888997
ENSG00000266903.1	Brain_Cerebellar_Hemisphere	3144	3.81591185176966e-17	1.15086800576033e-14	0.00330463706019053	0.996668977239056	2.63857007449694e-05	M13_ARTHROSIS	19	44888997
ENSG00000142252.10	Brain_Cerebellar_Hemisphere	3144	6.59085959202399e-07	0.00019877842386221	0.00330396380116667	0.996465919966756	3.06787222559212e-05	M13_ARTHROSIS	19	44888997
ENSG00000189114.6	Brain_Cerebellar_Hemisphere	3144	0.00219831381868611	0.663005105679619	0.000925122559435149	0.278959382913799	0.0549120750284613	M13_ARTHROSIS	19	44888997
ENSG00000167384.10	Brain_Frontal_Cortex_BA9	3164	7.03593694374451e-10	2.1221425487554e-07	0.00330448716071195	0.996682143268513	1.31566529256923e-05	M13_ARTHROSIS	19	44888997
ENSG00000266903.1	Brain_Frontal_Cortex_BA9	3164	1.20887330717437e-29	3.64614052360181e-27	0.00330445128986309	0.996671313011415	2.42356987286047e-05	M13_ARTHROSIS	19	44888997
ENSG00000234906.9	Brain_Frontal_Cortex_BA9	3164	0.000763553834137569	0.2302991190291	0.00247957673126797	0.747858382247765	0.0185993681577288	M13_ARTHROSIS	19	44888997
ENSG00000104856.13	Brain_Frontal_Cortex_BA9	3164	0.00183060370850613	0.5521371284011	0.00133835007679536	0.403625090464004	0.0410688273495956	M13_ARTHROSIS	19	44888997
ENSG00000142252.10	Brain_Frontal_Cortex_BA9	3164	1.47966464729137e-14	4.46288721887697e-12	0.00330446329700899	0.996674938181215	2.05985173002091e-05	M13_ARTHROSIS	19	44888997
ENSG00000189114.6	Brain_Frontal_Cortex_BA9	3164	0.00153204227189858	0.462086587427202	0.00166177193789782	0.501181433478095	0.033538164884907	M13_ARTHROSIS	19	44888997
ENSG00000104892.16	Brain_Frontal_Cortex_BA9	3164	0.0012636210458744	0.38112677933207	0.00194512322581735	0.586648891434844	0.029015584961393	M13_ARTHROSIS	19	44888997
ENSG00000278318.4	Brain_Nucleus_accumbens_basal_ganglia	3147	0.000673587600018623	0.203153756743756	0.00257633386682386	0.777004695072985	0.0165916267164172	M13_ARTHROSIS	19	44888997
ENSG00000167384.10	Brain_Nucleus_accumbens_basal_ganglia	3147	1.76459135287383e-09	5.32200061942876e-07	0.00330461256948151	0.996669833591304	2.50198745623392e-05	M13_ARTHROSIS	19	44888997
ENSG00000073008.14	Brain_Nucleus_accumbens_basal_ganglia	3147	0.00101512006005944	0.306159813127973	0.00221747259386386	0.668767026548218	0.0218405676698856	M13_ARTHROSIS	19	44888997
ENSG00000266903.1	Brain_Nucleus_accumbens_basal_ganglia	3147	7.63386207818273e-27	2.30236981738328e-24	0.00330461696763354	0.996671160869945	2.42221624211616e-05	M13_ARTHROSIS	19	44888997
ENSG00000234906.9	Brain_Nucleus_accumbens_basal_ganglia	3147	2.67341381463938e-19	8.06300560995525e-17	0.00330466638034404	0.996686078691349	9.25492830463313e-06	M13_ARTHROSIS	19	44888997
ENSG00000142252.10	Brain_Nucleus_accumbens_basal_ganglia	3147	1.25492434564355e-06	0.000378484691879183	0.00330294715421339	0.996167420124507	0.000149893105054238	M13_ARTHROSIS	19	44888997
ENSG00000104866.10	Brain_Nucleus_accumbens_basal_ganglia	3147	0.00147903837637299	0.446077395902255	0.00167663331151776	0.505626810946428	0.0451401214634257	M13_ARTHROSIS	19	44888997
ENSG00000104892.16	Brain_Nucleus_accumbens_basal_ganglia	3147	6.6345974533309e-08	2.00099199731329e-05	0.00330455872811468	0.996653598309301	2.17666966358125e-05	M13_ARTHROSIS	19	44888997
ENSG00000267508.5	Brain_Cortex	3157	1.87883462984718e-07	0.437189723275579	2.19852261119225e-07	0.511527265467221	0.0512826035214775	M13_ARTHROSIS_KNEE	19	44888997
ENSG00000278318.4	Brain_Cortex	3157	4.04040962126678e-08	0.0940170857072871	3.86233208395568e-07	0.89872638876709	0.00725609888832029	M13_ARTHROSIS_KNEE	19	44888997
ENSG00000167384.10	Brain_Cortex	3157	2.97786706351523e-11	6.92925740652109e-05	4.29720441603416e-07	0.99992493731272	5.3403629936933e-06	M13_ARTHROSIS_KNEE	19	44888997
ENSG00000073008.14	Brain_Cortex	3157	4.98224933733849e-08	0.115932939199557	3.75836378429001e-07	0.874531521731152	0.00953511341041884	M13_ARTHROSIS_KNEE	19	44888997
ENSG00000266903.1	Brain_Cortex	3157	2.76420768616146e-42	6.43208920141874e-36	4.29752509415343e-07	0.999999561866641	8.38085123110021e-09	M13_ARTHROSIS_KNEE	19	44888997
ENSG00000234906.9	Brain_Cortex	3157	1.02392758773269e-08	0.0238259723140987	4.18766226562448e-07	0.97443362437112	0.00173997430927931	M13_ARTHROSIS_KNEE	19	44888997
ENSG00000142252.10	Brain_Cortex	3157	3.65224256049891e-14	8.49847500676358e-08	4.29752461559627e-07	0.999999450483836	3.47789154974765e-08	M13_ARTHROSIS_KNEE	19	44888997
ENSG00000189114.6	Brain_Cortex	3157	5.43214296284782e-08	0.126401602407871	3.71301907534928e-07	0.863980089503825	0.00961788246496826	M13_ARTHROSIS_KNEE	19	44888997
ENSG00000104892.16	Brain_Cortex	3157	5.27570068421805e-10	0.00122761316274316	4.29186352426688e-07	0.998682070162117	8.98869612155788e-05	M13_ARTHROSIS_KNEE	19	44888997
ENSG00000266903.1	Brain_Hippocampus	3160	1.19829956460512e-27	2.78834672666971e-21	4.2975252257507e-07	0.999999561866719	8.38075786880659e-09	M13_ARTHROSIS_KNEE	19	44888997
ENSG00000167384.10	Brain_Anterior_cingulate_cortex_BA24	3172	2.88762630628197e-08	0.0671927421480554	3.97877152465812e-07	0.925821153998647	0.00698567709988198	M13_ARTHROSIS_KNEE	19	44888997
ENSG00000073008.14	Brain_Anterior_cingulate_cortex_BA24	3172	1.6832973548725e-07	0.391689758741957	2.43374924086478e-07	0.566271840086432	0.0420379894669522	M13_ARTHROSIS_KNEE	19	44888997
ENSG00000266903.1	Brain_Anterior_cingulate_cortex_BA24	3172	4.46689368710543e-19	1.03941024178751e-12	4.29752522195713e-07	0.999999561865433	8.38100649008068e-09	M13_ARTHROSIS_KNEE	19	44888997
ENSG00000234906.9	Brain_Anterior_cingulate_cortex_BA24	3172	2.6274540125448e-07	0.611387420826318	1.41723522091749e-07	0.329720347803535	0.0588918269012227	M13_ARTHROSIS_KNEE	19	44888997
ENSG00000142252.10	Brain_Anterior_cingulate_cortex_BA24	3172	5.0112511484843e-11	0.000116607784576115	4.29695305379957e-07	0.999866406388397	1.6556081609026e-05	M13_ARTHROSIS_KNEE	19	44888997
ENSG00000104892.16	Brain_Anterior_cingulate_cortex_BA24	3172	3.10068248944215e-08	0.0721503882073766	3.96314551266969e-07	0.922186429583092	0.00566275488815431	M13_ARTHROSIS_KNEE	19	44888997
ENSG00000266903.1	Brain_Amygdala	3150	3.65922049852993e-10	0.000851471219515721	4.29298642723914e-07	0.998943255938769	0.000204843177151334	M13_ARTHROSIS_KNEE	19	44888997
ENSG00000167384.10	Brain_Hypothalamus	3164	1.31597973918052e-09	0.003062176680142	4.28333370421793e-07	0.996696303074298	0.000241090596210344	M13_ARTHROSIS_KNEE	19	44888997
ENSG00000266903.1	Brain_Hypothalamus	3164	4.43602036471408e-16	1.032225474985e-09	4.29752851793511e-07	0.999999560627562	8.58735974068916e-09	M13_ARTHROSIS_KNEE	19	44888997
ENSG00000142252.10	Brain_Hypothalamus	3164	2.17448550708712e-12	5.05984903328024e-06	4.29750503390954e-07	0.999994095681733	4.14716557165842e-07	M13_ARTHROSIS_KNEE	19	44888997
ENSG00000266903.1	Brain_Substantia_nigra	3148	1.07080890151882e-13	2.49168403421222e-07	4.2975277374538e-07	0.999999274783189	4.6295525987521e-08	M13_ARTHROSIS_KNEE	19	44888997
ENSG00000142252.10	Brain_Substantia_nigra	3148	1.07064765618673e-07	0.249130882961784	3.12986321482627e-07	0.728270768945291	0.0225979280418384	M13_ARTHROSIS_KNEE	19	44888997
ENSG00000167384.10	Brain_Caudate_basal_ganglia	3188	4.02446852195147e-14	9.36461503389445e-08	4.29752461622772e-07	0.999999463522125	1.30792234469396e-08	M13_ARTHROSIS_KNEE	19	44888997
ENSG00000266903.1	Brain_Caudate_basal_ganglia	3188	2.60721236933979e-36	6.06677379070063e-30	4.29752503884573e-07	0.999999561866641	8.38085112264902e-09	M13_ARTHROSIS_KNEE	19	44888997
ENSG00000234906.9	Brain_Caudate_basal_ganglia	3188	2.07374839416459e-24	4.82544596450007e-18	4.29752506860642e-07	0.999999568798636	1.44885622091159e-09	M13_ARTHROSIS_KNEE	19	44888997
ENSG00000142252.10	Brain_Caudate_basal_ganglia	3188	5.63930108769743e-13	1.31222007225196e-06	4.29751891206498e-07	0.999998136100412	1.21927059916599e-07	M13_ARTHROSIS_KNEE	19	44888997
ENSG00000104892.16	Brain_Caudate_basal_ganglia	3188	1.54393632494439e-13	3.59261583016163e-07	4.29752330153787e-07	0.999999157564008	5.34219229480111e-08	M13_ARTHROSIS_KNEE	19	44888997
ENSG00000266903.1	Brain_Putamen_basal_ganglia	3153	1.3037462387693e-31	3.03371273800006e-25	4.29752511249628e-07	0.999999561866641	8.38085069310125e-09	M13_ARTHROSIS_KNEE	19	44888997
ENSG00000234906.9	Brain_Putamen_basal_ganglia	3153	2.92976965513308e-22	6.81733857239992e-16	4.29752514217026e-07	0.99999956877845	1.4690327110214e-09	M13_ARTHROSIS_KNEE	19	44888997
ENSG00000142252.10	Brain_Putamen_basal_ganglia	3153	1.25584012063311e-12	2.92223905048622e-06	4.29751131559027e-07	0.999996351149	2.96859560186418e-07	M13_ARTHROSIS_KNEE	19	44888997
ENSG00000104866.10	Brain_Putamen_basal_ganglia	3153	2.15143572564589e-07	0.500621805976713	1.96085717488021e-07	0.456232563345456	0.0431452194485413	M13_ARTHROSIS_KNEE	19	44888997
ENSG00000104892.16	Brain_Putamen_basal_ganglia	3153	1.69073325873632e-11	3.93420043798595e-05	4.29734344749235e-07	0.999957286947039	2.94129732854754e-06	M13_ARTHROSIS_KNEE	19	44888997
ENSG00000267508.5	Brain_Cerebellum	3154	5.15257619276508e-12	1.1989630784712e-05	4.29746911108593e-07	0.999986530405128	1.05021202489925e-06	M13_ARTHROSIS_KNEE	19	44888997
ENSG00000278318.4	Brain_Cerebellum	3154	1.24813901700248e-07	0.29043192030553	2.91743975229664e-07	0.678834054762805	0.0307336083737871	M13_ARTHROSIS_KNEE	19	44888997
ENSG00000176761.7	Brain_Cerebellum	3154	5.44085186271736e-08	0.126604251053853	3.71469136112522e-07	0.864369806213726	0.00902551685476583	M13_ARTHROSIS_KNEE	19	44888997
ENSG00000167384.10	Brain_Cerebellum	3154	8.56884037229934e-10	0.00199390030294478	4.28834454180139e-07	0.997863175004855	0.000142495000861051	M13_ARTHROSIS_KNEE	19	44888997
ENSG00000073008.14	Brain_Cerebellum	3154	5.37984042250354e-12	1.25184563863523e-05	4.29746741145817e-07	0.999986135048872	9.16742619390379e-07	M13_ARTHROSIS_KNEE	19	44888997
ENSG00000186567.12	Brain_Cerebellum	3154	3.69168032559448e-11	8.59024348659087e-05	4.2971037639061e-07	0.999901505940316	1.21618775264523e-05	M13_ARTHROSIS_KNEE	19	44888997
ENSG00000266903.1	Brain_Cerebellum	3154	3.7270988854641e-41	8.6726596294825e-35	4.29752510966626e-07	0.999999561866641	8.38085132329205e-09	M13_ARTHROSIS_KNEE	19	44888997
ENSG00000234906.9	Brain_Cerebellum	3154	3.97678201932656e-10	0.000925365221963266	4.29325212516091e-07	0.999005203713246	6.90013419002049e-05	M13_ARTHROSIS_KNEE	19	44888997
ENSG00000142252.10	Brain_Cerebellum	3154	1.17739024803956e-11	2.73969250242943e-05	4.29738435288194e-07	0.999966803532519	5.36979224699193e-06	M13_ARTHROSIS_KNEE	19	44888997
ENSG00000104866.10	Brain_Cerebellum	3154	1.50622335372382e-07	0.350486071721107	2.30817228334863e-07	0.536980610950349	0.11253293588898	M13_ARTHROSIS_KNEE	19	44888997
ENSG00000267508.5	Brain_Cerebellar_Hemisphere	3144	3.17946007586209e-15	7.39834224316243e-09	4.29752849833777e-07	0.999999555635127	7.21368100163644e-09	M13_ARTHROSIS_KNEE	19	44888997
ENSG00000167384.10	Brain_Cerebellar_Hemisphere	3144	2.57082327134211e-14	5.98209442932484e-08	4.29752826464554e-07	0.999999501254909	9.17129472420001e-09	M13_ARTHROSIS_KNEE	19	44888997
ENSG00000186567.12	Brain_Cerebellar_Hemisphere	3144	1.15533132456452e-10	0.000268836102339071	4.29620140202853e-07	0.999690711217051	4.00229449362324e-05	M13_ARTHROSIS_KNEE	19	44888997
ENSG00000266903.1	Brain_Cerebellar_Hemisphere	3144	4.96241788176286e-21	1.15471384973803e-14	4.29752852719084e-07	0.999999562348318	7.89881514036903e-09	M13_ARTHROSIS_KNEE	19	44888997
ENSG00000142252.10	Brain_Cerebellar_Hemisphere	3144	8.57099563366798e-11	0.000199440022989856	4.2965957502518e-07	0.999782495194938	1.7635036786834e-05	M13_ARTHROSIS_KNEE	19	44888997
ENSG00000189114.6	Brain_Cerebellar_Hemisphere	3144	2.86225252269341e-07	0.666022634157442	1.20452974322222e-07	0.280230423411254	0.0537465357530786	M13_ARTHROSIS_KNEE	19	44888997
ENSG00000167384.10	Brain_Frontal_Cortex_BA9	3164	9.1503180350208e-14	2.12920551623781e-07	4.29752408313443e-07	0.999999338687824	1.86391237360233e-08	M13_ARTHROSIS_KNEE	19	44888997
ENSG00000266903.1	Brain_Frontal_Cortex_BA9	3164	1.5721712486317e-33	3.65831622709221e-27	4.2975250421981e-07	0.999999561864495	8.38300471893788e-09	M13_ARTHROSIS_KNEE	19	44888997
ENSG00000234906.9	Brain_Frontal_Cortex_BA9	3164	9.91901870845617e-08	0.230807598914925	3.22111773746504e-07	0.749508543759242	0.0196834360238705	M13_ARTHROSIS_KNEE	19	44888997
ENSG00000104856.13	Brain_Frontal_Cortex_BA9	3164	2.3766001147589e-07	0.55301575911012	1.73752676852986e-07	0.404265806118143	0.0427180233590485	M13_ARTHROSIS_KNEE	19	44888997
ENSG00000142252.10	Brain_Frontal_Cortex_BA9	3164	1.92433543641911e-18	4.47777400810981e-12	4.29752500502134e-07	0.999999553205101	1.70379203799986e-08	M13_ARTHROSIS_KNEE	19	44888997
ENSG00000189114.6	Brain_Frontal_Cortex_BA9	3164	1.99258773108418e-07	0.463659161613236	2.16131528225507e-07	0.502887254471787	0.0334531685246758	M13_ARTHROSIS_KNEE	19	44888997
ENSG00000104892.16	Brain_Frontal_Cortex_BA9	3164	1.64400392676272e-07	0.382546509988256	2.53065603150688e-07	0.58883471528453	0.028618357261218	M13_ARTHROSIS_KNEE	19	44888997
ENSG00000278318.4	Brain_Nucleus_accumbens_basal_ganglia	3147	8.75940980926681e-08	0.203824335618687	3.35029388076314e-07	0.779569507077934	0.016605734679894	M13_ARTHROSIS_KNEE	19	44888997
ENSG00000167384.10	Brain_Nucleus_accumbens_basal_ganglia	3147	2.29478481991783e-13	5.33977746780125e-07	4.29752460693265e-07	0.999998991766944	4.45026183829713e-08	M13_ARTHROSIS_KNEE	19	44888997
ENSG00000073008.14	Brain_Nucleus_accumbens_basal_ganglia	3147	1.32023405075881e-07	0.307207716177863	2.88397692079114e-07	0.671056216657769	0.0217356467432723	M13_ARTHROSIS_KNEE	19	44888997
ENSG00000266903.1	Brain_Nucleus_accumbens_basal_ganglia	3147	9.92754353989059e-31	2.31005856604985e-24	4.29752705679652e-07	0.999999561866442	8.38085503796482e-09	M13_ARTHROSIS_KNEE	19	44888997
ENSG00000234906.9	Brain_Nucleus_accumbens_basal_ganglia	3147	3.47661971268029e-23	8.08981105537754e-17	4.29752708646257e-07	0.999999568776389	1.4709041816882e-09	M13_ARTHROSIS_KNEE	19	44888997
ENSG00000142252.10	Brain_Nucleus_accumbens_basal_ganglia	3147	1.6319857219385e-10	0.00037974979223074	4.29536857317829e-07	0.999497177665268	0.000122642842445275	M13_ARTHROSIS_KNEE	19	44888997
ENSG00000104866.10	Brain_Nucleus_accumbens_basal_ganglia	3147	1.90176004768866e-07	0.442524081720923	2.15582928570632e-07	0.501588037668982	0.0558874748511604	M13_ARTHROSIS_KNEE	19	44888997
ENSG00000104892.16	Brain_Nucleus_accumbens_basal_ganglia	3147	8.62800445646153e-12	2.00766640030117e-05	4.29743441608472e-07	0.99997800364539	1.48993853695607e-06	M13_ARTHROSIS_KNEE	19	44888997
ENSG00000196352.14	Brain_Cortex	2465	0.00844390722123349	0.106150133162271	0.0643921087909474	0.80947520056571	0.0115386502598387	ST19_FRACT_FOREA	1	207518704
ENSG00000203710.10	Brain_Cortex	2465	0.000263716698163548	0.00331523806381729	0.06552754084479	0.823653254059608	0.107240250333621	ST19_FRACT_FOREA	1	207518704
ENSG00000117335.19	Brain_Cortex	2465	4.24541891581898e-30	5.33700538668374e-29	0.0735477049897138	0.924581793658939	0.00187050135135024	ST19_FRACT_FOREA	1	207518704
ENSG00000284237.1	Brain_Cortex	2465	0.00391137051690581	0.0491706612043849	0.0692810871535224	0.870940417744606	0.00669646338058177	ST19_FRACT_FOREA	1	207518704
ENSG00000196352.14	Brain_Hippocampus	2456	0.0163317523828685	0.202098404386653	0.0568968391515487	0.704053268822707	0.0206197352562227	ST19_FRACT_FOREA	1	207518704
ENSG00000203710.10	Brain_Hippocampus	2456	0.00808784004805003	0.100083538516048	0.0653735301853445	0.808951787305659	0.0175033039448989	ST19_FRACT_FOREA	1	207518704
ENSG00000117335.19	Brain_Hippocampus	2456	1.04679547003204e-14	1.29536432621013e-13	0.074632918778326	0.923548419317464	0.00181866190406719	ST19_FRACT_FOREA	1	207518704
ENSG00000117335.19	Brain_Anterior_cingulate_cortex_BA24	2464	0.00785527401239859	0.0990783170429244	0.064871301202114	0.818209638358547	0.00998546938401634	ST19_FRACT_FOREA	1	207518704
ENSG00000117335.19	Brain_Amygdala	2442	0.000486578720169904	0.00610670816668452	0.0732023507455314	0.918709855965621	0.001494506401993	ST19_FRACT_FOREA	1	207518704
ENSG00000117322.17	Brain_Hypothalamus	2465	0.000138243140984269	0.00174366021542301	0.0731066571860357	0.922091070770909	0.00292036868664667	ST19_FRACT_FOREA	1	207518704
ENSG00000117335.19	Brain_Hypothalamus	2465	7.46262899959177e-05	0.000941261114034644	0.0732620959350436	0.924052870347803	0.0016691463131223	ST19_FRACT_FOREA	1	207518704
ENSG00000117335.19	Brain_Substantia_nigra	2435	0.000365138152881657	0.00447910912414547	0.0748469886249715	0.918137516481971	0.00217124761603084	ST19_FRACT_FOREA	1	207518704
ENSG00000196352.14	Brain_Caudate_basal_ganglia	2486	0.0406735323608826	0.513049882165212	0.0259435458848446	0.32715484740513	0.0931781921839307	ST19_FRACT_FOREA	1	207518704
ENSG00000203710.10	Brain_Caudate_basal_ganglia	2486	0.00028363103995587	0.00357767971408612	0.0644232982968424	0.812506685367909	0.119208705581208	ST19_FRACT_FOREA	1	207518704
ENSG00000117335.19	Brain_Caudate_basal_ganglia	2486	3.67436065831825e-14	4.63478383450087e-13	0.0733163757475268	0.92479996547259	0.00188365877938194	ST19_FRACT_FOREA	1	207518704
ENSG00000284237.1	Brain_Caudate_basal_ganglia	2486	0.00210064941910275	0.0264972790506288	0.0711350086333932	0.897283425454561	0.00298363744231434	ST19_FRACT_FOREA	1	207518704
ENSG00000203710.10	Brain_Putamen_basal_ganglia	2473	0.0153869433402801	0.194081243891087	0.0506161999993792	0.638339395434461	0.101576217334792	ST19_FRACT_FOREA	1	207518704
ENSG00000117335.19	Brain_Putamen_basal_ganglia	2473	4.61765812525171e-13	5.82442407821542e-12	0.0733334945797455	0.924980978811856	0.00168552660211337	ST19_FRACT_FOREA	1	207518704
ENSG00000196352.14	Brain_Cerebellum	2469	0.00014238036864795	0.00179580706737478	0.0732739472096308	0.924184897484516	0.00060296786982916	ST19_FRACT_FOREA	1	207518704
ENSG00000117335.19	Brain_Cerebellum	2469	1.26963940181913e-43	1.60136360964332e-42	0.0733213857200133	0.924781933534516	0.00189668074547699	ST19_FRACT_FOREA	1	207518704
ENSG00000196352.14	Brain_Cerebellar_Hemisphere	2467	0.00373765180248896	0.047143824128611	0.0693682480125161	0.874952168786809	0.00479810726957458	ST19_FRACT_FOREA	1	207518704
ENSG00000117335.19	Brain_Cerebellar_Hemisphere	2467	1.34751367172633e-23	1.69964862720657e-22	0.0732710499441294	0.924181318287594	0.00254763176827842	ST19_FRACT_FOREA	1	207518704
ENSG00000284237.1	Brain_Cerebellar_Hemisphere	2467	0.0321173779958349	0.405103551566648	0.0385509534869956	0.486213639561364	0.038014477389158	ST19_FRACT_FOREA	1	207518704
ENSG00000117335.19	Brain_Frontal_Cortex_BA9	2467	7.72618926838386e-09	9.74536596054759e-08	0.0733247017189805	0.924873356378149	0.00180183672302227	ST19_FRACT_FOREA	1	207518704
ENSG00000203710.10	Brain_Nucleus_accumbens_basal_ganglia	2457	0.0352993976935087	0.44521244901166	0.0323560153014623	0.408010016897608	0.0791221210957612	ST19_FRACT_FOREA	1	207518704
ENSG00000117335.19	Brain_Nucleus_accumbens_basal_ganglia	2457	7.32483544518156e-17	9.23842371326465e-16	0.0733266692192357	0.924828268596307	0.00184506218445715	ST19_FRACT_FOREA	1	207518704
ENSG00000196352.14	Brain_Cortex	2464	0.0982018160302969	0.0146923896545819	0.748863697985025	0.112014442200414	0.0262276541296828	Q17_LVOTO_BROAD	1	207518704
ENSG00000203710.10	Brain_Cortex	2464	0.00344054430494003	0.000514754406745758	0.854894805209747	0.127891174205766	0.0132587218728006	Q17_LVOTO_BROAD	1	207518704
ENSG00000117335.19	Brain_Cortex	2464	4.95971070047225e-29	7.42043325989569e-30	0.85920296914642	0.128536735286943	0.0122602955666394	Q17_LVOTO_BROAD	1	207518704
ENSG00000284237.1	Brain_Cortex	2464	0.0415510160681308	0.0062166235136469	0.735977899623141	0.110006523042856	0.106247937752225	Q17_LVOTO_BROAD	1	207518704
ENSG00000196352.14	Brain_Hippocampus	2455	0.192058632748346	0.0277268573768568	0.669077879658131	0.0965779593420941	0.0145586708745716	Q17_LVOTO_BROAD	1	207518704
ENSG00000203710.10	Brain_Hippocampus	2455	0.0937876779927474	0.0135398109119043	0.758069254974349	0.109414714334096	0.0251885417869038	Q17_LVOTO_BROAD	1	207518704
ENSG00000117335.19	Brain_Hippocampus	2455	1.2104914491026e-13	1.74754569919022e-14	0.863021434323805	0.124579095742992	0.0123994699330671	Q17_LVOTO_BROAD	1	207518704
ENSG00000117335.19	Brain_Anterior_cingulate_cortex_BA24	2463	0.0939346146535561	0.012940131334183	0.775733042954567	0.10685195652708	0.0105402545306139	Q17_LVOTO_BROAD	1	207518704
ENSG00000117335.19	Brain_Amygdala	2441	0.00569585601124604	0.000816241036878257	0.856896643428019	0.122783222531934	0.013808036991922	Q17_LVOTO_BROAD	1	207518704
ENSG00000117322.17	Brain_Hypothalamus	2464	0.00158330012865616	0.000236033409980647	0.837286619395092	0.124783949175856	0.0361100978904148	Q17_LVOTO_BROAD	1	207518704
ENSG00000117335.19	Brain_Hypothalamus	2464	0.000874579664686796	0.000130379589327113	0.858586330738244	0.127982927555215	0.0124257824525272	Q17_LVOTO_BROAD	1	207518704
ENSG00000117335.19	Brain_Substantia_nigra	2434	0.00417145301450434	0.000616282219799569	0.855071013515675	0.126312672154204	0.0138285790958166	Q17_LVOTO_BROAD	1	207518704
ENSG00000196352.14	Brain_Caudate_basal_ganglia	2485	0.520146982084256	0.0787743022541496	0.331729411085806	0.0502200411933086	0.0191292633824796	Q17_LVOTO_BROAD	1	207518704
ENSG00000203710.10	Brain_Caudate_basal_ganglia	2485	0.00375546212636696	0.000568750600957099	0.853007703645073	0.12917130864829	0.0134967749793133	Q17_LVOTO_BROAD	1	207518704
ENSG00000117335.19	Brain_Caudate_basal_ganglia	2485	4.29929886142016e-13	6.51112627114258e-14	0.85785187865659	0.129906195566258	0.0122419257766578	Q17_LVOTO_BROAD	1	207518704
ENSG00000284237.1	Brain_Caudate_basal_ganglia	2485	0.0201858625342672	0.00305707288767371	0.683557880220887	0.103332400805042	0.18986678355213	Q17_LVOTO_BROAD	1	207518704
ENSG00000203710.10	Brain_Putamen_basal_ganglia	2472	0.200041049992391	0.0300901693766559	0.658028889110886	0.0989678157822416	0.0128720757378249	Q17_LVOTO_BROAD	1	207518704
ENSG00000117335.19	Brain_Putamen_basal_ganglia	2472	5.40469345664965e-12	8.12973844846735e-13	0.858323822036354	0.129096466587252	0.0125797113701765	Q17_LVOTO_BROAD	1	207518704
ENSG00000196352.14	Brain_Cerebellum	2468	0.00167088604691681	0.000242196981371975	0.859897543925972	0.124629643684986	0.0135597293607527	Q17_LVOTO_BROAD	1	207518704
ENSG00000117335.19	Brain_Cerebellum	2468	1.49385093916913e-42	2.16535525420225e-43	0.86266726425711	0.1250323774143	0.0123003583285835	Q17_LVOTO_BROAD	1	207518704
ENSG00000196352.14	Brain_Cerebellar_Hemisphere	2466	0.0440287692323772	0.00639083343573674	0.817142837843606	0.118595509537908	0.0138420499503718	Q17_LVOTO_BROAD	1	207518704
ENSG00000117335.19	Brain_Cerebellar_Hemisphere	2466	1.58884839207373e-22	2.30623422035482e-23	0.863936493388265	0.125390839220403	0.0106726673913345	Q17_LVOTO_BROAD	1	207518704
ENSG00000284237.1	Brain_Cerebellar_Hemisphere	2466	0.366271980460516	0.0531648569812678	0.439610568379116	0.0637328291662324	0.0772197650128678	Q17_LVOTO_BROAD	1	207518704
ENSG00000117335.19	Brain_Frontal_Cortex_BA9	2466	9.04517938937998e-08	1.36246826313025e-08	0.85842486748817	0.129291579734779	0.0122834487005762	Q17_LVOTO_BROAD	1	207518704
ENSG00000203710.10	Brain_Nucleus_accumbens_basal_ganglia	2456	0.445338520621704	0.0664096013631373	0.408166256209544	0.0608471746511761	0.0192384471544391	Q17_LVOTO_BROAD	1	207518704
ENSG00000117335.19	Brain_Nucleus_accumbens_basal_ganglia	2456	8.58638782344078e-16	1.28041605677398e-16	0.859558851145371	0.128166533211335	0.0122746156432901	Q17_LVOTO_BROAD	1	207518704
