gene	gene_id	cs_idx	rsid	chr	pos	pip	amyloid_z	amyloid_p	eqtl_beta	eqtl_se	eqtl_z
CR1	ENSG00000203710	1	rs10779335	1	207625349	0.0177311325015391	-6.05732484076433	1.38403917233958e-09	-0.58535	0.0953705	-6.13764214301068
CR1	ENSG00000203710	1	rs10863417	1	207623552	0.0534455805340851	-0.713355048859935	0.475626081304548	-0.628735	0.0983877	-6.39038213109972
CR1	ENSG00000203710	1	rs10863420	1	207626529	0.0177311325015391	-2.59183673469388	0.0095465064472983	-0.58535	0.0953705	-6.13764214301068
CR1	ENSG00000203710	1	rs12037841	1	207510847	0.0963964131417937	-5.75706214689266	8.55904072383132e-09	-0.638049	0.0978489	-6.52075802589503
CR1	ENSG00000203710	1	rs1752684	1	207573951	0.0958702300472963	-2.6530612244898	0.0079765401182518	-0.639412	0.098003	-6.52441251798414
CR1	ENSG00000203710	1	rs2093760	1	207613483	0.0669137384196117	-2.74489795918367	0.00605297153299839	-0.58909	0.0913517	-6.44859373169848
CR1	ENSG00000203710	1	rs2093761	1	207613197	0.0190771726440628	-2.54081632653061	0.0110594000961527	-0.584603	0.0950114	-6.15297743218182
CR1	ENSG00000203710	1	rs2296160	1	207621975	0.0177311325015391	-2.60204081632653	0.00926708222275614	-0.58535	0.0953705	-6.13764214301068
CR1	ENSG00000203710	1	rs3818361	1	207611623	0.0669137384196117	-2.71428571428571	0.00664188547642663	-0.58909	0.0913517	-6.44859373169848
CR1	ENSG00000203710	1	rs4266886	1	207512441	0.0311201402430931	-2.8659793814433	0.00415721321002489	-0.592933	0.0947714	-6.2564550064682
CR1	ENSG00000203710	1	rs4562624	1	207512620	0.0420388925511854	-6.26451612903226	3.73984852341212e-10	-0.625175	0.0987283	-6.33227757390738
CR1	ENSG00000203710	1	rs4844600	1	207505962	0.0215339065976831	-5.54362416107383	2.96274414197678e-08	-0.583477	0.0945484	-6.17119908956683
CR1	ENSG00000203710	1	rs4844610	1	207629207	0.0546272197527721	-6.19858156028369	5.69742796162621e-10	-0.636638	0.0995663	-6.39411126053695
CR1	ENSG00000203710	1	rs6656401	1	207518704	0.0420388925511854	-6.34193548387097	2.26896338828302e-10	-0.625175	0.0987283	-6.33227757390738
CR1	ENSG00000203710	1	rs6661489	1	207524699	0.0623337845147235	-2.5	0.0124193306515523	-0.610523	0.0951608	-6.41569848088709
CR1	ENSG00000203710	1	rs6701713	1	207612944	0.0669137384196117	-6.2972972972973	3.02880038615163e-10	-0.58909	0.0913517	-6.44859373169848
CR1	ENSG00000203710	1	rs679515	1	207577223	0.10148703051853	-6.32903225806452	2.46703536324608e-10	-0.64839	0.0992182	-6.53499055616812
CR1	ENSG00000203710	1	rs7515905	1	207564732	0.0961850474298073	-6.02649006622517	1.67558605648166e-09	-0.639412	0.098003	-6.52441251798414
CD46	ENSG00000117335	1	rs2466572	1	207761142	0.132461417101293	-1.20945945945946	0.226486377106877	0.625707	0.045296	13.8137363122572
CD46	ENSG00000117335	1	rs2724360	1	207769813	0.132026661139897	-1.42953020134228	0.152851900861492	0.625707	0.045296	13.8137363122572
CD46	ENSG00000117335	1	rs2724374	1	207767846	0.142957359943497	-1.41610738255034	0.156744066935117	0.625707	0.045296	13.8137363122572
CD46	ENSG00000117335	1	rs2724384	1	207756858	0.187113635857992	-1.25675675675676	0.208841729101425	0.632027	0.0454364	13.9101469306547
CD46	ENSG00000117335	1	rs2761434	1	207744154	0.132461417101293	-1.23648648648649	0.216277785785794	0.625707	0.045296	13.8137363122572
CD46	ENSG00000117335	1	rs2761437	1	207749736	0.129369997768581	-1.18918918918919	0.234365227693259	0.625707	0.045296	13.8137363122572
CD46	ENSG00000117335	1	rs2796265	1	207747443	0.142957359943497	-1.33783783783784	0.180949304457742	0.625707	0.045296	13.8137363122572
